Firma;Website;Gesamtbewertung;Punkte;Einstufung;Ausschlussgrund;Kurzbegründung;Datenqualität;Ort;Land;Produktkategorien;Mitarbeiter;Umsatz (Mio. EUR);Konzernmutter;Quelle;Beleg;LinkedIn Firmenprofil URL;F1 Branche;F1 Begründung;F2 Region;F2 Begründung;F3 Mitarbeiterzahl;F3 Begründung;F4 Jahresumsatz;F4 Begründung;B1 Präzisionsanspruch in Druckwerk und Bogenführung;B1 Begründung;B2 Druckwerke, Bogeneinzug und Bahnführung als Kernbaugruppen;B2 Begründung;B3 Einsatz von Linear- und Antriebstechnik;B3 Begründung;B4 Ersatzteil- und Servicegeschäft;B4 Begründung;B5 Hohe Taktzahlen und Serienmaschinenbau;B5 Begründung;B6 Eigene Entwicklung und Konstruktion von Neumaschinen;B6 Begründung;B7 Strukturierter Einkauf und Lieferantenmanagement;B7 Begründung;B8 Qualitätssicherung und dokumentierte Prüfung;B8 Begründung
Bobst Group SA;https://www.bobst.com/;A;89;Starker Fit;kein Ausschlusskriterium;5 von 12 Kriterien mit A, 0 mit D, 5 ohne Datenbasis. Kernprodukt laut Recherche: Maschinen fuer Verpackungsdruck und -verarbeitung: Flexo-, Tiefdruckmaschinen, Stanzen, Kaschieren.;Hoch, recherchiert, 69 Prozent der Kriterien belegt;1031 Mex (VD);Schweiz;Maschinen fuer Verpackungsdruck und -verarbeitung: Flexo-, Tiefdruckmaschinen, Stanzen, Kaschieren;5.400 (Recherche);1.471 (Recherche);Familie Bobst (JBF Finance SA);"Startliste; Websuche Flexodruckmaschinen Hersteller";Wikipedia: international taetiger Schweizer Hersteller von Maschinen und Anlagen fuer die Verpackungsindustrie (Faltschachtel, Wellpappe, flexible Verpackung).;https://www.linkedin.com/company/bobst;A;Kernprodukt laut Recherche: Maschinen fuer Verpackungsdruck und -verarbeitung: Flexo-, Tiefdruckmaschinen, Stanzen, Kaschieren.;C;Sitz 1031 Mex (VD), Schweiz, im deutschsprachigen Raum, Zielregion ist Heidelberg.;A;5.400 Mitarbeiter (Recherche, Gruppe: https://de.wikipedia.org/wiki/Bobst_Group (Stand 2017)), im ICP-Band 1.001 bis 10.000.;A;1,5 Mrd. EUR (Recherche: https://de.wikipedia.org/wiki/Bobst_Group (GJ 2019: 1,636 Mrd. CHF, umgerechnet zum Jahresmittelkurs 2019 von 1,112 CHF/EUR)), im ICP-Band rund 2 Mrd. EUR.;B;2 Begriffe mit 4 Fundstellen: accuracy (2), repeatab (2).;N;Kein Treffer, aber nur 2 Seite(n) abrufbar. Nicht belegbar.;N;Kein Treffer, aber nur 2 Seite(n) abrufbar. Nicht belegbar.;A;3 Begriffe mit 22 Fundstellen auf 2 Seiten: uptime (9), maintenance (7), spare part (6).;N;Kein Treffer, aber nur 2 Seite(n) abrufbar. Nicht belegbar.;N;Kein Treffer, aber nur 2 Seite(n) abrufbar. Nicht belegbar.;A;2 Begriffe mit 4 Fundstellen auf 2 Seiten: Supplier (2), Purchasing (2).;N;Kein Treffer, aber nur 2 Seite(n) abrufbar. Nicht belegbar.
Heidelberger Druckmaschinen AG;https://www.heidelberg.com/global/de/index.jsp;A;89;Starker Fit;kein Ausschlusskriterium;9 von 12 Kriterien mit A, 0 mit D. Kernprodukt laut Recherche: Bogenoffsetdruckmaschinen, Digitaldruck, Etikettendruck, Postpress. Auf der Website 219 Fundstellen zu Kernbegriffen: Digitaldruck (65), Offsetdruck (61), Druckmaschine (49), Flexodruck (21).;Hoch, recherchiert und Website geprüft, 100 Prozent der Kriterien belegt;69115 Heidelberg (Werk Wiesloch/Walldorf);Deutschland;Bogenoffsetdruckmaschinen, Digitaldruck, Etikettendruck, Postpress;9.309 (Recherche);2.280 (Recherche);;"Wikipedia Kategorie Druckmaschinenhersteller; Startliste";Wikipedia: weltweit fuehrender Hersteller von Bogenoffset-Druckmaschinen einschliesslich umfangreicher Loesungen fuer die Printmedienindustrie.;https://www.linkedin.com/company/heidelberg;A;Kernprodukt laut Recherche: Bogenoffsetdruckmaschinen, Digitaldruck, Etikettendruck, Postpress. Auf der Website 219 Fundstellen zu Kernbegriffen: Digitaldruck (65), Offsetdruck (61), Druckmaschine (49), Flexodruck (21).;A;Sitz 69115 Heidelberg (Werk Wiesloch/Walldorf), Deutschland, in der Zielregion Heidelberg.;A;9.309 Mitarbeiter (Recherche, Gruppe: https://de.wikipedia.org/wiki/Heidelberger_Druckmaschinen (Stand 31.03.2025)), im ICP-Band 1.001 bis 10.000.;A;2,3 Mrd. EUR (Recherche: https://de.wikipedia.org/wiki/Heidelberger_Druckmaschinen (GJ 2024/25)), im ICP-Band rund 2 Mrd. EUR.;B;2 Begriffe mit 2 Fundstellen: Toleranz (1), Maßhaltigkeit (1).;A;4 Begriffe mit 42 Fundstellen auf 10 Seiten: Anleger (20), Rotation (20), Druckwerk (1), Register (1).;C;Keiner der Begriffe auf 10 gecrawlten Seiten gefunden. Bauteil- oder Fachvokabular steht selten auf Firmenwebsites, daher kein Abzug bis D.;A;5 Begriffe mit 143 Fundstellen auf 10 Seiten: Ersatzteil (81), Wartung (21), Serviceteil (20), maintenance (20).;C;Schwacher Beleg, nur Großserie (1) auf 10 Seiten.;A;4 Begriffe mit 8 Fundstellen auf 10 Seiten: Entwicklung (4), Innovation (2), Forschung und Entwicklung (1), F&E (1).;A;6 Begriffe mit 170 Fundstellen auf 10 Seiten: Lieferant (84), Einkauf (41), Lieferantenportal (20), Procurement (20).;A;3 Begriffe mit 50 Fundstellen auf 10 Seiten: zertifiziert (27), Zertifizierung (20), ISO 9001 (3).
Koenig & Bauer AG;https://www.koenig-bauer.com/de/;A;87;Starker Fit;kein Ausschlusskriterium;7 von 12 Kriterien mit A, 0 mit D. Kernprodukt laut Recherche: Bogen- und Rollenoffset-, Flexo-, Blech-, Banknoten- und Digitaldruckmaschinen. Auf der Website 147 Fundstellen zu Kernbegriffen: Offsetdruck (27), Digitaldruck (24), Bogenoffset (17), Wellpappe (16).;Hoch, recherchiert und Website geprüft, 100 Prozent der Kriterien belegt;97080 Würzburg;Deutschland;Bogen- und Rollenoffset-, Flexo-, Blech-, Banknoten- und Digitaldruckmaschinen;5.526 (Recherche);1.302 (Recherche);;"Wikipedia Kategorie Druckmaschinenhersteller; Startliste";"Wikipedia-Infobox Branche Druckmaschinen; fuehrende Marktpositionen im Bogenoffset Grossformat, Verpackungs-, Zeitungs- und Blechdruck, rund 80 Prozent Weltmarktanteil Banknotendruckmaschinen.";https://www.linkedin.com/company/23394;A;Kernprodukt laut Recherche: Bogen- und Rollenoffset-, Flexo-, Blech-, Banknoten- und Digitaldruckmaschinen. Auf der Website 147 Fundstellen zu Kernbegriffen: Offsetdruck (27), Digitaldruck (24), Bogenoffset (17), Wellpappe (16).;B;Sitz 97080 Würzburg, Deutschland, im Land der Zielregion (Heidelberg), aber nicht in der Region selbst.;A;5.526 Mitarbeiter (Recherche, Gruppe: https://de.wikipedia.org/wiki/Koenig_%26_Bauer (Stand 31.12.2025)), im ICP-Band 1.001 bis 10.000.;A;1,3 Mrd. EUR (Recherche: https://de.wikipedia.org/wiki/Koenig_%26_Bauer (GJ 2025)), im ICP-Band rund 2 Mrd. EUR.;B;2 Begriffe mit 5 Fundstellen: präzise (4), Präzision (1).;A;3 Begriffe mit 34 Fundstellen auf 10 Seiten: Bogen (30), Register (3), Rotation (1).;C;Keiner der Begriffe auf 10 gecrawlten Seiten gefunden. Bauteil- oder Fachvokabular steht selten auf Firmenwebsites, daher kein Abzug bis D.;A;4 Begriffe mit 50 Fundstellen auf 10 Seiten: Wartung (29), Retrofit (11), Ersatzteil (5), Verfügbarkeit (5).;B;2 Begriffe mit 2 Fundstellen: Hochleistung (1), high-speed (1).;A;2 Begriffe mit 11 Fundstellen auf 10 Seiten: Entwicklung (7), Innovation (4).;A;3 Begriffe mit 26 Fundstellen auf 10 Seiten: Einkauf (19), Lieferant (6), Einkaufsbedingungen (1).;B;1 Begriffe mit 1 Fundstellen: Zertifizierung (1).
Windmöller & Hölscher SE & Co. KG;https://www.wh.group/int/en/;A;85;Starker Fit;kein Ausschlusskriterium;5 von 12 Kriterien mit A, 0 mit D, 3 ohne Datenbasis. Kernprodukt laut Recherche: Flexo- und Tiefdruckmaschinen, Extrusions- und Verarbeitungsanlagen. Auf der Website 12 Fundstellen zu Kernbegriffen: Druckmaschine (4), Druckwerk (4), Flexodruck (2), Tiefdruck (2).;Hoch, recherchiert, 80 Prozent der Kriterien belegt;49525 Lengerich;Deutschland;Flexo- und Tiefdruckmaschinen, Extrusions- und Verarbeitungsanlagen;3.400 (Recherche);969 (Recherche);Familienbesitz;"Wikipedia Kategorie Druckmaschinenhersteller; Startliste";Wikipedia: Maschinen fuer flexible Verpackung in drei Sparten, darunter Druckmaschinen (Flexo- und Tiefdruck).;https://www.linkedin.com/company/windmoeller-&-hoelscher-group;A;Kernprodukt laut Recherche: Flexo- und Tiefdruckmaschinen, Extrusions- und Verarbeitungsanlagen. Auf der Website 12 Fundstellen zu Kernbegriffen: Druckmaschine (4), Druckwerk (4), Flexodruck (2), Tiefdruck (2).;B;Sitz 49525 Lengerich, Deutschland, im Land der Zielregion (Heidelberg), aber nicht in der Region selbst.;A;3.400 Mitarbeiter (Recherche, Gruppe: https://www.wh.group/de/unternehmen/w_h_group/ (2026: Rund 3.400 Mitarbeiter)), im ICP-Band 1.001 bis 10.000.;B;969 Mio. EUR (Recherche: https://de.wikipedia.org/wiki/Windm%C3%B6ller_%26_H%C3%B6lscher (GJ 2021)), knapp unter dem ICP-Band rund 2 Mrd. EUR.;N;Kein Treffer, aber nur 2 Seite(n) abrufbar. Nicht belegbar.;B;2 Begriffe mit 6 Fundstellen: Druckwerk (4), printing unit (2).;N;Kein Treffer, aber nur 2 Seite(n) abrufbar. Nicht belegbar.;A;2 Begriffe mit 14 Fundstellen auf 2 Seiten: Retrofit (10), maintenance (4).;N;Kein Treffer, aber nur 2 Seite(n) abrufbar. Nicht belegbar.;C;Schwacher Beleg, nur Entwicklung (3) auf 2 Seiten.;A;4 Begriffe mit 12 Fundstellen auf 2 Seiten: Supplier (5), Einkauf (3), Lieferant (2), Purchasing (2).;A;2 Begriffe mit 4 Fundstellen auf 2 Seiten: zertifiziert (2), certified (2).
Heidelberg Web Carton Converting GmbH;https://www.gallus-group.com/de/index.jsp;B;79;Guter Fit;kein Ausschlusskriterium;5 von 12 Kriterien mit A, 1 mit D, 2 ohne Datenbasis. Kernprodukt laut Recherche: Rotationsstanzen und Druckmaschinen fuer Faltschachteln. Auf der Website 225 Fundstellen zu Kernbegriffen: Siebdruck (115), Etikettendruck (45), Druckwerk (24), Druckmaschine (16).;Mittel, nur Website, 73 Prozent der Kriterien belegt;92637 Weiden in der Oberpfalz;Deutschland;Rotationsstanzen und Druckmaschinen fuer Faltschachteln;k. A.;k. A.;Heidelberger Druckmaschinen AG;"VDMA Mitgliederverzeichnis; wer-zu-wem Maschinenbauer";"VDMA-Mitgliederliste: Heidelberg Web Carton Converting GmbH, 92637 Weiden, Website gallus-group.com; Weiden ist laut Heidelberg-Karriereseite Entwicklungs- und Fertigungsstandort.";https://ch.linkedin.com/company/gallus-group;A;Kernprodukt laut Recherche: Rotationsstanzen und Druckmaschinen fuer Faltschachteln. Auf der Website 225 Fundstellen zu Kernbegriffen: Siebdruck (115), Etikettendruck (45), Druckwerk (24), Druckmaschine (16).;B;Sitz 92637 Weiden in der Oberpfalz, Deutschland, im Land der Zielregion (Heidelberg), aber nicht in der Region selbst.;N;Mitarbeiterzahl unklar, widersprüchliche Angaben auf der Website (25, 130, 275).;N;Kein Umsatz veröffentlicht und keine Mitarbeiterzahl zum Ableiten.;B;1 Begriffe mit 6 Fundstellen: Präzision (6).;A;1 Begriffe mit 24 Fundstellen auf 8 Seiten: Druckwerk (24).;C;Keiner der Begriffe auf 8 gecrawlten Seiten gefunden. Bauteil- oder Fachvokabular steht selten auf Firmenwebsites, daher kein Abzug bis D.;A;4 Begriffe mit 8 Fundstellen auf 8 Seiten: Ersatzteil (2), Originalteil (2), Wartung (2), Verfügbarkeit (2).;A;2 Begriffe mit 27 Fundstellen auf 8 Seiten: m/min (15), Produktionsgeschwindigkeit (12).;A;3 Begriffe mit 5 Fundstellen auf 8 Seiten: Entwicklung (2), R&D (2), Innovation (1).;B;1 Begriffe mit 2 Fundstellen: Einkauf (2).;D;Keiner der Begriffe auf 8 gecrawlten Seiten gefunden.
Tamponcolor TC Druckmaschinen GmbH;https://www.tamponcolor.de/de/;B;77;Guter Fit;kein Ausschlusskriterium;5 von 12 Kriterien mit A, 1 mit D, 2 ohne Datenbasis. Kernprodukt laut Recherche: Tampondruckmaschinen und vollautomatische Drucksysteme. Auf der Website 185 Fundstellen zu Kernbegriffen: Tampondruck (93), Druckmaschine (59), Drucksystem (33).;Mittel, nur Website, 73 Prozent der Kriterien belegt;63263 Neu-Isenburg;Deutschland;Tampondruckmaschinen und vollautomatische Drucksysteme;k. A.;k. A.;;industrystock Tampondruck;"Website: Tampondruckmaschinen fuer komplexe Bauteile Made in Germany; TAMPONCOLOR entwickelt Tampondruckloesungen fuer die Serienfertigung.";nicht auf der Website verlinkt;A;Kernprodukt laut Recherche: Tampondruckmaschinen und vollautomatische Drucksysteme. Auf der Website 185 Fundstellen zu Kernbegriffen: Tampondruck (93), Druckmaschine (59), Drucksystem (33).;B;Sitz 63263 Neu-Isenburg, Deutschland, im Land der Zielregion (Heidelberg), aber nicht in der Region selbst.;N;Keine belegte Mitarbeiterzahl (weder Recherche noch Website).;N;Kein Umsatz veröffentlicht und keine Mitarbeiterzahl zum Ableiten.;A;4 Begriffe mit 8 Fundstellen auf 6 Seiten: Wiederholgenauigkeit (3), präzise (2), Toleranz (2), Präzision (1).;A;2 Begriffe mit 14 Fundstellen auf 6 Seiten: Rotation (12), Register (2).;C;Keiner der Begriffe auf 6 gecrawlten Seiten gefunden. Bauteil- oder Fachvokabular steht selten auf Firmenwebsites, daher kein Abzug bis D.;B;1 Begriffe mit 7 Fundstellen: Verschleißteil (7).;A;5 Begriffe mit 8 Fundstellen auf 6 Seiten: Taktzahl (3), Serienfertigung (2), Produktionsgeschwindigkeit (1), Hochleistung (1).;B;2 Begriffe mit 5 Fundstellen: Entwicklung (4), Konstruktion (1).;D;Keiner der Begriffe auf 6 gecrawlten Seiten gefunden.;A;4 Begriffe mit 20 Fundstellen auf 6 Seiten: ISO 9001 (8), zertifiziert (7), Dokumentation (4), Qualitätssicherung (1).
Teca-Print AG;https://teca-print.com/de/;B;77;Guter Fit;kein Ausschlusskriterium;7 von 12 Kriterien mit A, 1 mit D, 2 ohne Datenbasis. Kernprodukt laut Recherche: Tampondruckmaschinen und Peripherie. Auf der Website 468 Fundstellen zu Kernbegriffen: Tampondruck (261), Druckmaschine (170), Drucksystem (34), Siebdruck (2).;Mittel, nur Website, 73 Prozent der Kriterien belegt;8240 Thayngen;Schweiz;Tampondruckmaschinen und Peripherie;k. A.;k. A.;;Startliste;"Website: Wir entwickeln, konstruieren und bauen unsere Druckmaschinen in Thayngen; seit 1973.";https://www.linkedin.com/company/teca-print-ag;A;Kernprodukt laut Recherche: Tampondruckmaschinen und Peripherie. Auf der Website 468 Fundstellen zu Kernbegriffen: Tampondruck (261), Druckmaschine (170), Drucksystem (34), Siebdruck (2).;C;Sitz 8240 Thayngen, Schweiz, im deutschsprachigen Raum, Zielregion ist Heidelberg.;N;Keine belegte Mitarbeiterzahl (weder Recherche noch Website).;N;Kein Umsatz veröffentlicht und keine Mitarbeiterzahl zum Ableiten.;A;3 Begriffe mit 10 Fundstellen auf 10 Seiten: Präzision (7), präzise (2), Wiederholgenauigkeit (1).;A;3 Begriffe mit 6 Fundstellen auf 10 Seiten: Register (3), Bogen (2), Druckwerk (1).;C;Schwacher Beleg, nur Servomotor (2) auf 10 Seiten.;A;3 Begriffe mit 124 Fundstellen auf 10 Seiten: Wartung (63), Retrofit (31), Ersatzteil (30).;D;Keiner der Begriffe auf 10 gecrawlten Seiten gefunden.;A;6 Begriffe mit 52 Fundstellen auf 10 Seiten: F & E (30), Entwicklung (9), Innovation (7), Konstruktion (4).;A;3 Begriffe mit 48 Fundstellen auf 10 Seiten: Lieferant (46), Einkauf (1), Supplier (1).;A;4 Begriffe mit 37 Fundstellen auf 10 Seiten: ISO 9001 (33), zertifiziert (2), Qualitätssicherung (1), Qualitätsmanagement (1).
Hunkeler AG;https://www.hunkeler.ch/;B;75;Guter Fit;kein Ausschlusskriterium;6 von 12 Kriterien mit A, 0 mit D, 2 ohne Datenbasis. Randbereich der Zielbranche laut Recherche: Papierverarbeitungssysteme fuer Digitaldruck (Ab-/Aufwickler, Schneid- und Falzmodule). Auf der Website 14 Fundstellen zu Kernbegriffen: Digitaldruck (9), Druckmaschine (4), Inkjet (1).;Mittel, nur Website, 73 Prozent der Kriterien belegt;4806 Wikon;Schweiz;Papierverarbeitungssysteme fuer Digitaldruck (Ab-/Aufwickler, Schneid- und Falzmodule);k. A.;k. A.;Müller Martini Gruppe;Startliste;Website mullermartini.com: die zur Gruppe gehoerende Hunkeler AG ist seit ueber 100 Jahren im Bereich der Papierverarbeitung aktiv.;https://www.linkedin.com/company/hunkeler;B;Randbereich der Zielbranche laut Recherche: Papierverarbeitungssysteme fuer Digitaldruck (Ab-/Aufwickler, Schneid- und Falzmodule). Auf der Website 14 Fundstellen zu Kernbegriffen: Digitaldruck (9), Druckmaschine (4), Inkjet (1).;C;Sitz 4806 Wikon, Schweiz, im deutschsprachigen Raum, Zielregion ist Heidelberg.;N;Keine belegte Mitarbeiterzahl (weder Recherche noch Website).;N;Kein Umsatz veröffentlicht und keine Mitarbeiterzahl zum Ableiten.;A;3 Begriffe mit 7 Fundstellen auf 6 Seiten: Präzision (3), precision (3), Genauigkeit (1).;B;2 Begriffe mit 5 Fundstellen: Bogen (3), printing unit (2).;C;Keiner der Begriffe auf 6 gecrawlten Seiten gefunden. Bauteil- oder Fachvokabular steht selten auf Firmenwebsites, daher kein Abzug bis D.;A;3 Begriffe mit 26 Fundstellen auf 6 Seiten: Ersatzteil (21), Wartung (3), Verfügbarkeit (2).;A;3 Begriffe mit 4 Fundstellen auf 6 Seiten: high-speed (2), Hochleistung (1), m/min (1).;A;5 Begriffe mit 58 Fundstellen auf 6 Seiten: Innovation (51), Entwicklung (3), Patent (2), Konstrukteur (1).;A;2 Begriffe mit 13 Fundstellen auf 6 Seiten: Verhaltenskodex (12), Supply Chain (1).;A;3 Begriffe mit 3 Fundstellen auf 6 Seiten: ISO 9001 (1), Zertifizierung (1), quality assurance (1).
Bobst Bielefeld GmbH;https://www.bobst.com/;B;74;Guter Fit;kein Ausschlusskriterium;3 von 12 Kriterien mit A, 0 mit D, 7 ohne Datenbasis. Kernprodukt laut Recherche: CI-Flexodruckmaschinen (vormals Fischer & Krecke).;Niedrig, nur wenige Seiten, 42 Prozent der Kriterien belegt;33609 Bielefeld;Deutschland;CI-Flexodruckmaschinen (vormals Fischer & Krecke);k. A.;k. A.;Bobst Group SA;"Startliste (Fischer & Krecke); deutsche-exportdatenbank Flexodruckmaschinen";"deutsche-exportdatenbank: Bobst Bielefeld GmbH als Hersteller von Flexodruckmaschinen gelistet; Standort ging aus Fischer & Krecke hervor.";https://www.linkedin.com/company/bobst;A;Kernprodukt laut Recherche: CI-Flexodruckmaschinen (vormals Fischer & Krecke).;B;Sitz 33609 Bielefeld, Deutschland, im Land der Zielregion (Heidelberg), aber nicht in der Region selbst.;N;Keine belegte Mitarbeiterzahl (weder Recherche noch Website).;N;Kein Umsatz veröffentlicht und keine Mitarbeiterzahl zum Ableiten.;B;2 Begriffe mit 4 Fundstellen: accuracy (2), repeatab (2).;N;Kein Treffer, aber nur 2 Seite(n) abrufbar. Nicht belegbar.;N;Kein Treffer, aber nur 2 Seite(n) abrufbar. Nicht belegbar.;A;3 Begriffe mit 22 Fundstellen auf 2 Seiten: uptime (9), maintenance (7), spare part (6).;N;Kein Treffer, aber nur 2 Seite(n) abrufbar. Nicht belegbar.;N;Kein Treffer, aber nur 2 Seite(n) abrufbar. Nicht belegbar.;A;2 Begriffe mit 4 Fundstellen auf 2 Seiten: Supplier (2), Purchasing (2).;N;Kein Treffer, aber nur 2 Seite(n) abrufbar. Nicht belegbar.
Koenig & Bauer Sheetfed AG & Co. KG;https://www.koenig-bauer.com/de/;B;73;Guter Fit;kein Ausschlusskriterium;5 von 12 Kriterien mit A, 0 mit D. Kernprodukt laut Recherche: Bogenoffsetdruckmaschinen (Rapida-Baureihen). Auf der Website 147 Fundstellen zu Kernbegriffen: Offsetdruck (27), Digitaldruck (24), Bogenoffset (17), Wellpappe (16).;Mittel, nur Website, 100 Prozent der Kriterien belegt;01445 Radebeul;Deutschland;Bogenoffsetdruckmaschinen (Rapida-Baureihen);5.500 (Website);1.100 (abgeleitet);Koenig & Bauer AG;Konzernstruktur Koenig & Bauer (Wikipedia);Wikipedia: Produktionsstandort Radebeul bei Dresden fuer den Bogenoffsetbereich des Konzerns.;https://www.linkedin.com/company/23394;A;Kernprodukt laut Recherche: Bogenoffsetdruckmaschinen (Rapida-Baureihen). Auf der Website 147 Fundstellen zu Kernbegriffen: Offsetdruck (27), Digitaldruck (24), Bogenoffset (17), Wellpappe (16).;B;Sitz 01445 Radebeul, Deutschland, im Land der Zielregion (Heidelberg), aber nicht in der Region selbst.;C;5.500 Mitarbeiter stehen auf der Website, die Zahl gehört aber zur Gruppe (Koenig & Bauer AG). Zahl der Einzelgesellschaft unbelegt, in der Nachprüfung zu klären.;B;1,1 Mrd. EUR (aus 5.500 Mitarbeitern abgeleitet (0,2 Mio. EUR je Kopf, Maschinenbau)), im ICP-Band, Wert nur abgeleitet rund 2 Mrd. EUR.;B;2 Begriffe mit 5 Fundstellen: präzise (4), Präzision (1).;A;3 Begriffe mit 34 Fundstellen auf 10 Seiten: Bogen (30), Register (3), Rotation (1).;C;Keiner der Begriffe auf 10 gecrawlten Seiten gefunden. Bauteil- oder Fachvokabular steht selten auf Firmenwebsites, daher kein Abzug bis D.;A;4 Begriffe mit 50 Fundstellen auf 10 Seiten: Wartung (29), Retrofit (11), Ersatzteil (5), Verfügbarkeit (5).;B;2 Begriffe mit 2 Fundstellen: Hochleistung (1), high-speed (1).;A;2 Begriffe mit 11 Fundstellen auf 10 Seiten: Entwicklung (7), Innovation (4).;A;3 Begriffe mit 26 Fundstellen auf 10 Seiten: Einkauf (19), Lieferant (6), Einkaufsbedingungen (1).;B;1 Begriffe mit 1 Fundstellen: Zertifizierung (1).
BHS Corrugated Maschinen- und Anlagenbau GmbH;https://www.bhs-world.com/;B;70;Guter Fit;kein Ausschlusskriterium;5 von 12 Kriterien mit A, 0 mit D. Randbereich der Zielbranche laut Recherche: Wellpappenanlagen, Einzelmaschinen, Inline-Digitaldruckloesungen. Auf der Website 183 Fundstellen zu Kernbegriffen: Wellpappe (135), Digitaldruck (44), Inkjet (4).;Hoch, recherchiert und Website geprüft, 100 Prozent der Kriterien belegt;92729 Weiherhammer;Deutschland;Wellpappenanlagen, Einzelmaschinen, Inline-Digitaldruckloesungen;3.100 (Recherche);870 (Recherche);Familienbesitz (Engel);Startliste;"Wikipedia/Website: Hersteller von Wellpappenanlagen (Corrugator); Website nennt ueber 3.100 Mitarbeitende und 9 Produktionsstandorte.";https://de.linkedin.com/company/bhs-world;B;Randbereich der Zielbranche laut Recherche: Wellpappenanlagen, Einzelmaschinen, Inline-Digitaldruckloesungen. Auf der Website 183 Fundstellen zu Kernbegriffen: Wellpappe (135), Digitaldruck (44), Inkjet (4).;B;Sitz 92729 Weiherhammer, Deutschland, im Land der Zielregion (Heidelberg), aber nicht in der Region selbst.;A;3.100 Mitarbeiter (Recherche, Gruppe: https://www.bhs-world.com/unternehmen/daten-fakten (2026: mehr als 3.100 MitarbeiterInnen weltweit)), im ICP-Band 1.001 bis 10.000.;B;870 Mio. EUR (Recherche: https://de.wikipedia.org/wiki/BHS_Corrugated (GJ 2023)), knapp unter dem ICP-Band rund 2 Mrd. EUR.;C;Schwacher Beleg, nur präzise (2) auf 10 Seiten.;C;Schwacher Beleg, nur Register (1) auf 10 Seiten.;C;Keiner der Begriffe auf 10 gecrawlten Seiten gefunden. Bauteil- oder Fachvokabular steht selten auf Firmenwebsites, daher kein Abzug bis D.;A;4 Begriffe mit 72 Fundstellen auf 10 Seiten: Ersatzteil (50), Wartung (20), Lebensdauer (1), Verfügbarkeit (1).;C;Schwacher Beleg, nur Produktionsgeschwindigkeit (3) auf 10 Seiten.;A;5 Begriffe mit 59 Fundstellen auf 10 Seiten: Innovation (30), R&D (19), Entwicklung (6), Forschung und Entwicklung (3).;A;1 Begriffe mit 18 Fundstellen auf 10 Seiten: Supply Chain (18).;A;3 Begriffe mit 26 Fundstellen auf 10 Seiten: Qualitätsmanagement (19), zertifiziert (4), ISO 9001 (3).
BW Papersystems Hamburg GmbH;https://www.bwpapersystems.com/;C;69;Bedingter Fit;kein Ausschlusskriterium;3 von 12 Kriterien mit A, 1 mit D, 2 ohne Datenbasis. Randbereich der Zielbranche laut Recherche: Querschneider und Bogenschneidanlagen fuer Papier und Karton.;Mittel, nur Website, 73 Prozent der Kriterien belegt;22880 Wedel;Deutschland;Querschneider und Bogenschneidanlagen fuer Papier und Karton;k. A.;k. A.;Barry-Wehmiller (USA);deutsche-exportdatenbank Flexodruckmaschinen (Listung);"BW Papersystems buendelt u. a. die Marken Kugler-Womako und Jagenberg-Querschneider; Standort Wedel als deutsches Werk.";https://www.linkedin.com/company/bw-papersystems;B;Randbereich der Zielbranche laut Recherche: Querschneider und Bogenschneidanlagen fuer Papier und Karton.;B;Sitz 22880 Wedel, Deutschland, im Land der Zielregion (Heidelberg), aber nicht in der Region selbst.;N;Keine belegte Mitarbeiterzahl (weder Recherche noch Website).;N;Kein Umsatz veröffentlicht und keine Mitarbeiterzahl zum Ableiten.;A;2 Begriffe mit 14 Fundstellen auf 9 Seiten: precision (7), accuracy (7).;C;Schwacher Beleg, nur Register (1) auf 9 Seiten.;B;2 Begriffe mit 4 Fundstellen: servo drive (2), drive technology (2).;A;4 Begriffe mit 104 Fundstellen auf 9 Seiten: spare part (82), maintenance (19), uptime (2), Retrofit (1).;B;2 Begriffe mit 8 Fundstellen: high-speed (7), m/min (1).;B;2 Begriffe mit 7 Fundstellen: engineering (4), Innovation (3).;A;2 Begriffe mit 6 Fundstellen auf 9 Seiten: Supplier (5), Purchasing (1).;D;Keiner der Begriffe auf 9 gecrawlten Seiten gefunden.
Müller Martini Buchbindesysteme GmbH;https://mullermartini.com/;C;69;Bedingter Fit;kein Ausschlusskriterium;4 von 12 Kriterien mit A, 1 mit D, 2 ohne Datenbasis. Randbereich der Zielbranche laut Recherche: Buchbindesysteme (uebernommene Kolbus-Buchbindesparte). Auf der Website 17 Fundstellen zu Kernbegriffen: Digitaldruck (17).;Mittel, nur Website, 73 Prozent der Kriterien belegt;32369 Rahden;Deutschland;Buchbindesysteme (uebernommene Kolbus-Buchbindesparte);k. A.;k. A.;Müller Martini Holding AG;Wikipedia Mueller Martini / Kolbus;"Wikipedia Kolbus/Mueller Martini: Buchbindesparte von Kolbus 2018 an Mueller Martini verkauft; deutsche Tochter Mueller Martini Buchbindesysteme GmbH in Rahden.";https://ch.linkedin.com/company/muller-martini-group;B;Randbereich der Zielbranche laut Recherche: Buchbindesysteme (uebernommene Kolbus-Buchbindesparte). Auf der Website 17 Fundstellen zu Kernbegriffen: Digitaldruck (17).;B;Sitz 32369 Rahden, Deutschland, im Land der Zielregion (Heidelberg), aber nicht in der Region selbst.;N;Mitarbeiterzahl unklar, widersprüchliche Angaben auf der Website (140, 1301).;N;Kein Umsatz veröffentlicht und keine Mitarbeiterzahl zum Ableiten.;A;3 Begriffe mit 7 Fundstellen auf 9 Seiten: präzise (3), Präzision (2), Genauigkeit (2).;B;2 Begriffe mit 4 Fundstellen: printing unit (3), Bogen (1).;C;Keiner der Begriffe auf 9 gecrawlten Seiten gefunden. Bauteil- oder Fachvokabular steht selten auf Firmenwebsites, daher kein Abzug bis D.;B;2 Begriffe mit 8 Fundstellen: Ersatzteil (4), Verfügbarkeit (4).;D;Keiner der Begriffe auf 9 gecrawlten Seiten gefunden.;A;5 Begriffe mit 33 Fundstellen auf 9 Seiten: Innovation (27), Entwicklung (3), Konstruktion (1), Konstrukteur (1).;A;6 Begriffe mit 69 Fundstellen auf 9 Seiten: Lieferant (45), Verhaltenskodex (11), Einkauf (6), Lieferantenmanagement (3).;A;3 Begriffe mit 3 Fundstellen auf 9 Seiten: Prüfprotokoll (1), Zertifizierung (1), Dokumentation (1).
Erhardt+Leimer GmbH;https://www.erhardt-leimer.com/;C;66;Bedingter Fit;kein Ausschlusskriterium;3 von 12 Kriterien mit A, 1 mit D, 2 ohne Datenbasis. Randbereich der Zielbranche laut Recherche: Bahnlauf- und Bahnspannungsregelung, Inspektionssysteme. Auf der Website 36 Fundstellen zu Kernbegriffen: Wellpappe (10), Druckmaschine (9), printing machine (9), Digitaldruck (2).;Hoch, recherchiert, 88 Prozent der Kriterien belegt;86391 Stadtbergen;Deutschland;Bahnlauf- und Bahnspannungsregelung, Inspektionssysteme;1.600 (Recherche);320 (abgeleitet);Familienbesitz (Proeller);Startliste;"Website: With more than 1,600 employees at sites across Europe, Asia, and America; Web guiding und web tension control fuer Druck und Verpackung.";https://linkedin.com/company/erhardt-leimer-gmbh;B;Randbereich der Zielbranche laut Recherche: Bahnlauf- und Bahnspannungsregelung, Inspektionssysteme. Auf der Website 36 Fundstellen zu Kernbegriffen: Wellpappe (10), Druckmaschine (9), printing machine (9), Digitaldruck (2).;B;Sitz 86391 Stadtbergen, Deutschland, im Land der Zielregion (Heidelberg), aber nicht in der Region selbst.;A;1.600 Mitarbeiter (Recherche, Gruppe: https://www.erhardt-leimer.com/ (2026: more than 1,600 employees)), im ICP-Band 1.001 bis 10.000.;D;320 Mio. EUR (aus 1.600 Mitarbeitern abgeleitet (0,2 Mio. EUR je Kopf, Maschinenbau)), deutlich unter dem ICP-Band rund 2 Mrd. EUR.;N;Kein Treffer, aber nur 2 Seite(n) abrufbar. Nicht belegbar.;A;4 Begriffe mit 23 Fundstellen auf 2 Seiten: web guid (12), Bahnlauf (6), Register (4), Rotation (1).;B;2 Begriffe mit 6 Fundstellen: drive technology (4), Antriebstechnik (2).;C;Schwacher Beleg, nur Ersatzteil (1) auf 2 Seiten.;N;Kein Treffer, aber nur 2 Seite(n) abrufbar. Nicht belegbar.;C;Schwacher Beleg, nur Innovation (4) auf 2 Seiten.;B;1 Begriffe mit 2 Fundstellen: Supplier (2).;A;2 Begriffe mit 4 Fundstellen auf 2 Seiten: Messtechnik (2), certified (2).
Canon Production Printing Germany GmbH & Co. KG;https://cpp.canon/;C;65;Bedingter Fit;kein Ausschlusskriterium;5 von 12 Kriterien mit A, 4 mit D. Kernprodukt laut Recherche: Digitaldrucksysteme: Rollen-Inkjet (ColorStream, ProStream), Bogen- und Grossformatdruck. Auf der Website 1 Fundstellen zu Kernbegriffen: Inkjet (1).;Hoch, recherchiert und Website geprüft, 100 Prozent der Kriterien belegt;85586 Poing;Deutschland;Digitaldrucksysteme: Rollen-Inkjet (ColorStream, ProStream), Bogen- und Grossformatdruck;3.000 (Recherche);1.200 (Recherche);Canon Inc. (Japan);Startliste (Canon Poing);"Wikipedia: vormals Oce Printing Systems GmbH in Poing; Hersteller von Hochleistungs-Digitaldrucksystemen (ColorStream, JetStream, varioPRINT).";https://www.linkedin.com/company/canon-production-printing;A;Kernprodukt laut Recherche: Digitaldrucksysteme: Rollen-Inkjet (ColorStream, ProStream), Bogen- und Grossformatdruck. Auf der Website 1 Fundstellen zu Kernbegriffen: Inkjet (1).;B;Sitz 85586 Poing, Deutschland, im Land der Zielregion (Heidelberg), aber nicht in der Region selbst.;A;3.000 Mitarbeiter (Recherche, Gesellschaft: https://de.wikipedia.org/wiki/Canon_Production_Printing (Stand 2021)), im ICP-Band 1.001 bis 10.000.;A;1,2 Mrd. EUR (Recherche: https://de.wikipedia.org/wiki/Canon_Production_Printing (GJ 2021)), im ICP-Band rund 2 Mrd. EUR.;D;Keiner der Begriffe auf 8 gecrawlten Seiten gefunden.;C;Schwacher Beleg, nur printing unit (2) auf 8 Seiten.;C;Keiner der Begriffe auf 8 gecrawlten Seiten gefunden. Bauteil- oder Fachvokabular steht selten auf Firmenwebsites, daher kein Abzug bis D.;D;Keiner der Begriffe auf 8 gecrawlten Seiten gefunden.;D;Keiner der Begriffe auf 8 gecrawlten Seiten gefunden.;A;3 Begriffe mit 13 Fundstellen auf 8 Seiten: Innovation (5), Patent (4), R&D (4).;A;3 Begriffe mit 49 Fundstellen auf 8 Seiten: Supplier (22), Code of Conduct (18), Supply Chain (9).;D;Keiner der Begriffe auf 8 gecrawlten Seiten gefunden.
Durst Austria GmbH;https://www.durst-group.com/;C;65;Bedingter Fit;kein Ausschlusskriterium;6 von 12 Kriterien mit A, 1 mit D. Kernprodukt laut Recherche: Produktion industrieller Inkjet-Grossformatdrucker (Rho-Serie). Auf der Website 56 Fundstellen zu Kernbegriffen: printing system (48), Drucksystem (4), Digitaldruck (2), Druckmaschine (1).;Hoch, recherchiert und Website geprüft, 100 Prozent der Kriterien belegt;9900 Lienz;Österreich;Produktion industrieller Inkjet-Grossformatdrucker (Rho-Serie);1.100 (Recherche);220 (abgeleitet);Durst Group AG, Brixen (Italien);"Wikipedia Kategorie Druckmaschinenhersteller (Durst Group); Startliste";Wikipedia Durst Group: 1999 zweite Produktionsstaette in Lienz/Osttirol errichtet, dort Fertigung der Rho-Flachbettdrucker.;https://www.linkedin.com/company/durst-phototechnik-ag;A;Kernprodukt laut Recherche: Produktion industrieller Inkjet-Grossformatdrucker (Rho-Serie). Auf der Website 56 Fundstellen zu Kernbegriffen: printing system (48), Drucksystem (4), Digitaldruck (2), Druckmaschine (1).;C;Sitz 9900 Lienz, Österreich, im deutschsprachigen Raum, Zielregion ist Heidelberg.;A;1.100 Mitarbeiter (Recherche, Gruppe: https://www.durst-group.com/de/unternehmen (2026: ueber 1.100 Mitarbeitende in der Durst Group)), im ICP-Band 1.001 bis 10.000.;D;220 Mio. EUR (aus 1.100 Mitarbeitern abgeleitet (0,2 Mio. EUR je Kopf, Maschinenbau)), deutlich unter dem ICP-Band rund 2 Mrd. EUR.;A;3 Begriffe mit 4 Fundstellen auf 6 Seiten: Präzision (2), präzise (1), µm (1).;C;Schwacher Beleg, nur Register (1) auf 6 Seiten.;C;Keiner der Begriffe auf 6 gecrawlten Seiten gefunden. Bauteil- oder Fachvokabular steht selten auf Firmenwebsites, daher kein Abzug bis D.;C;Schwacher Beleg, nur service part (2) auf 6 Seiten.;C;Schwacher Beleg, nur m/min (3) auf 6 Seiten.;A;5 Begriffe mit 21 Fundstellen auf 6 Seiten: Innovation (12), Entwicklung (4), Patent (3), Forschung und Entwicklung (1).;A;4 Begriffe mit 17 Fundstellen auf 6 Seiten: Supplier (7), Lieferant (6), Einkauf (2), Verhaltenskodex (2).;A;3 Begriffe mit 8 Fundstellen auf 6 Seiten: certified (6), Qualitätssicherung (1), Dokumentation (1).
zirkon Druckmaschinen GmbH;https://www.zirkon-print.de/;C;65;Bedingter Fit;kein Ausschlusskriterium;2 von 12 Kriterien mit A, 0 mit D, 7 ohne Datenbasis. Kernprodukt laut Recherche: Rollenoffsetdruckmaschinen, heute Service und Retrofit. Auf der Website 11 Fundstellen zu Kernbegriffen: Druckmaschine (10), Rollenoffset (1).;Niedrig, nur wenige Seiten, 42 Prozent der Kriterien belegt;04328 Leipzig;Deutschland;Rollenoffsetdruckmaschinen, heute Service und Retrofit;k. A.;k. A.;;"Wikipedia Druckmaschinenwerke Leipzig; wer-zu-wem Maschinenbauer; industrystock Rollenoffset";Wikipedia-Infobox Druckmaschinenwerke Leipzig: heutiger Name zirkon Druckmaschinen GmbH, Sitz Leipzig, Branche Druckmaschinenhersteller, Homepage zirkon-print.de.;nicht auf der Website verlinkt;A;Kernprodukt laut Recherche: Rollenoffsetdruckmaschinen, heute Service und Retrofit. Auf der Website 11 Fundstellen zu Kernbegriffen: Druckmaschine (10), Rollenoffset (1).;B;Sitz 04328 Leipzig, Deutschland, im Land der Zielregion (Heidelberg), aber nicht in der Region selbst.;N;Keine belegte Mitarbeiterzahl (weder Recherche noch Website).;N;Kein Umsatz veröffentlicht und keine Mitarbeiterzahl zum Ableiten.;C;Schwacher Beleg, nur präzise (1) auf 1 Seiten.;N;Kein Treffer, aber nur 1 Seite(n) abrufbar. Nicht belegbar.;N;Kein Treffer, aber nur 1 Seite(n) abrufbar. Nicht belegbar.;A;4 Begriffe mit 9 Fundstellen auf 1 Seiten: Wartung (3), Retrofit (3), Ersatzteil (2), Lebensdauer (1).;N;Kein Treffer, aber nur 1 Seite(n) abrufbar. Nicht belegbar.;C;Schwacher Beleg, nur Innovation (2) auf 1 Seiten.;N;Kein Treffer, aber nur 1 Seite(n) abrufbar. Nicht belegbar.;N;Kein Treffer, aber nur 1 Seite(n) abrufbar. Nicht belegbar.
Alraun Maschinenbau GmbH;https://www.alraun.eu/;C;64;Bedingter Fit;kein Ausschlusskriterium;4 von 12 Kriterien mit A, 2 mit D, 2 ohne Datenbasis. Kernprodukt laut Recherche: Siebdruckmaschinen und industrielle Trocknungssysteme. Auf der Website 86 Fundstellen zu Kernbegriffen: Siebdruck (51), Druckmaschine (35).;Mittel, nur Website, 73 Prozent der Kriterien belegt;89195 Staig-Steinberg;Deutschland;Siebdruckmaschinen und industrielle Trocknungssysteme;k. A.;k. A.;;Websuche Siebdruckmaschinen Hersteller;"Website: Wir sind Hersteller, kein Haendler; Alraun entwickelt und fertigt Flach- und Rundsiebdruckmaschinen sowie Trocknungssysteme selbst.";nicht auf der Website verlinkt;A;Kernprodukt laut Recherche: Siebdruckmaschinen und industrielle Trocknungssysteme. Auf der Website 86 Fundstellen zu Kernbegriffen: Siebdruck (51), Druckmaschine (35).;B;Sitz 89195 Staig-Steinberg, Deutschland, im Land der Zielregion (Heidelberg), aber nicht in der Region selbst.;N;Keine belegte Mitarbeiterzahl (weder Recherche noch Website).;N;Kein Umsatz veröffentlicht und keine Mitarbeiterzahl zum Ableiten.;A;2 Begriffe mit 11 Fundstellen auf 6 Seiten: präzise (8), Präzision (3).;C;Schwacher Beleg, nur Register (4) auf 6 Seiten.;C;Keiner der Begriffe auf 6 gecrawlten Seiten gefunden. Bauteil- oder Fachvokabular steht selten auf Firmenwebsites, daher kein Abzug bis D.;A;2 Begriffe mit 19 Fundstellen auf 6 Seiten: Ersatzteil (16), Wartung (3).;C;Schwacher Beleg, nur Durchsatz (1) auf 6 Seiten.;A;4 Begriffe mit 12 Fundstellen auf 6 Seiten: Innovation (4), Entwicklung (3), Konstruktion (3), neue Generation (2).;D;Keiner der Begriffe auf 6 gecrawlten Seiten gefunden.;D;Keiner der Begriffe auf 6 gecrawlten Seiten gefunden.
manroland Goss web systems GmbH;https://www.manrolandgoss.com/de/;C;64;Bedingter Fit;kein Ausschlusskriterium;3 von 12 Kriterien mit A, 1 mit D, 4 ohne Datenbasis. Kernprodukt laut Recherche: Rollenoffsetdruckmaschinen fuer Zeitungs-, Illustrations- und Verpackungsdruck. Auf der Website 8 Fundstellen zu Kernbegriffen: Rollenoffset (4), Offsetdruck (2), Verpackungsdruck (2).;Hoch, recherchiert, 76 Prozent der Kriterien belegt;86153 Augsburg;Deutschland;Rollenoffsetdruckmaschinen fuer Zeitungs-, Illustrations- und Verpackungsdruck;1.000 (Recherche);293 (Recherche);Possehl-Gruppe (51 %), American Industrial Partners (49 %);"Wikipedia Kategorie Druckmaschinenhersteller; Startliste";Wikipedia: stellt Rollenoffsetdruckmaschinen her und bietet Loesungen fuer Zeitungs-, Publikations- und Verpackungsdruck.;https://www.linkedin.com/company/manrolandgoss;A;Kernprodukt laut Recherche: Rollenoffsetdruckmaschinen fuer Zeitungs-, Illustrations- und Verpackungsdruck. Auf der Website 8 Fundstellen zu Kernbegriffen: Rollenoffset (4), Offsetdruck (2), Verpackungsdruck (2).;B;Sitz 86153 Augsburg, Deutschland, im Land der Zielregion (Heidelberg), aber nicht in der Region selbst.;B;1.000 Mitarbeiter (Recherche, Gesellschaft: https://de.wikipedia.org/wiki/Manroland_Goss_Web_Systems (Stand 2018)), knapp unter dem ICP-Band 1.001 bis 10.000.;D;293 Mio. EUR (Recherche: https://de.wikipedia.org/wiki/Manroland_Goss_Web_Systems (GJ 2018)), deutlich unter dem ICP-Band rund 2 Mrd. EUR.;N;Kein Treffer, aber nur 1 Seite(n) abrufbar. Nicht belegbar.;N;Kein Treffer, aber nur 1 Seite(n) abrufbar. Nicht belegbar.;C;Schwacher Beleg, nur Servomotor (1) auf 1 Seiten.;A;3 Begriffe mit 3 Fundstellen auf 1 Seiten: Wartung (1), Retrofit (1), maintenance (1).;N;Kein Treffer, aber nur 1 Seite(n) abrufbar. Nicht belegbar.;C;Schwacher Beleg, nur Entwicklung (1) auf 1 Seiten.;A;2 Begriffe mit 2 Fundstellen auf 1 Seiten: Lieferant (1), Zulieferer (1).;N;Kein Treffer, aber nur 1 Seite(n) abrufbar. Nicht belegbar.
Müller Martini AG;https://mullermartini.com/;C;64;Bedingter Fit;kein Ausschlusskriterium;5 von 12 Kriterien mit A, 2 mit D. Randbereich der Zielbranche laut Recherche: Druckweiterverarbeitung: Sammelhefter, Klebebinder, Hardcover-Systeme. Auf der Website 18 Fundstellen zu Kernbegriffen: Digitaldruck (18).;Hoch, recherchiert und Website geprüft, 100 Prozent der Kriterien belegt;4800 Zofingen;Schweiz;Druckweiterverarbeitung: Sammelhefter, Klebebinder, Hardcover-Systeme;1.300 (Recherche);260 (abgeleitet);Müller Martini Holding AG, Hergiswil;"Wikipedia Kategorie Druckmaschinenhersteller; Startliste";Website: Die Mueller Martini-Gruppe entwickelt, baut und installiert Maschinen und Systemloesungen fuer die Druckindustrie, sowohl im Offset- als auch im Digitaldruck (Postpress).;https://ch.linkedin.com/company/muller-martini-group;B;Randbereich der Zielbranche laut Recherche: Druckweiterverarbeitung: Sammelhefter, Klebebinder, Hardcover-Systeme. Auf der Website 18 Fundstellen zu Kernbegriffen: Digitaldruck (18).;C;Sitz 4800 Zofingen, Schweiz, im deutschsprachigen Raum, Zielregion ist Heidelberg.;A;1.300 Mitarbeiter (Recherche, Gruppe: https://www.mullermartini.com/unternehmen (2026: Mit ueber 1.300 Mitarbeitenden weltweit)), im ICP-Band 1.001 bis 10.000.;D;260 Mio. EUR (aus 1.300 Mitarbeitern abgeleitet (0,2 Mio. EUR je Kopf, Maschinenbau)), deutlich unter dem ICP-Band rund 2 Mrd. EUR.;A;3 Begriffe mit 10 Fundstellen auf 10 Seiten: präzise (4), Präzision (3), Genauigkeit (3).;B;2 Begriffe mit 4 Fundstellen: printing unit (3), Bogen (1).;C;Keiner der Begriffe auf 10 gecrawlten Seiten gefunden. Bauteil- oder Fachvokabular steht selten auf Firmenwebsites, daher kein Abzug bis D.;B;2 Begriffe mit 8 Fundstellen: Ersatzteil (4), Verfügbarkeit (4).;D;Keiner der Begriffe auf 10 gecrawlten Seiten gefunden.;A;5 Begriffe mit 38 Fundstellen auf 10 Seiten: Innovation (31), Entwicklung (4), Konstruktion (1), Konstrukteur (1).;A;6 Begriffe mit 119 Fundstellen auf 10 Seiten: Lieferant (80), Verhaltenskodex (13), Einkauf (12), Lieferantenmanagement (6).;A;3 Begriffe mit 6 Fundstellen auf 10 Seiten: Prüfprotokoll (2), Zertifizierung (2), Dokumentation (2).
Mall + Herlan GmbH;https://mall-herlan.com/;C;63;Bedingter Fit;kein Ausschlusskriterium;3 von 12 Kriterien mit A, 1 mit D, 2 ohne Datenbasis. Randbereich der Zielbranche laut Recherche: Produktionslinien fuer Aluminiumdosen und Tuben inklusive Dekoration.;Mittel, nur Website, 73 Prozent der Kriterien belegt;76327 Pfinztal;Deutschland;Produktionslinien fuer Aluminiumdosen und Tuben inklusive Dekoration;k. A.;k. A.;Wifag-Polytype Holding AG;"packaging journal Direktdruck Hohlkoerper; WIFAG-Polytype Gruppenseite";"Website: mall//herlan is one of the world's leading producers of machines and complete production lines fuer Aluminium-Aerosoldosen, Flaschen und Tuben; Impressum Woeschbacher Strasse 33, 76327 Pfinztal.";https://www.linkedin.com/company/mall-herlan-gmbh;B;Randbereich der Zielbranche laut Recherche: Produktionslinien fuer Aluminiumdosen und Tuben inklusive Dekoration.;B;Sitz 76327 Pfinztal, Deutschland, im Land der Zielregion (Heidelberg), aber nicht in der Region selbst.;N;Keine belegte Mitarbeiterzahl (weder Recherche noch Website).;N;Kein Umsatz veröffentlicht und keine Mitarbeiterzahl zum Ableiten.;C;Schwacher Beleg, nur precision (1) auf 8 Seiten.;B;2 Begriffe mit 3 Fundstellen: Register (2), printing unit (1).;C;Keiner der Begriffe auf 8 gecrawlten Seiten gefunden. Bauteil- oder Fachvokabular steht selten auf Firmenwebsites, daher kein Abzug bis D.;A;5 Begriffe mit 10 Fundstellen auf 8 Seiten: spare part (6), Ersatzteil (1), Retrofit (1), maintenance (1).;D;Keiner der Begriffe auf 8 gecrawlten Seiten gefunden.;A;3 Begriffe mit 5 Fundstellen auf 8 Seiten: engineering (3), Innovation (1), Patent (1).;B;1 Begriffe mit 6 Fundstellen: Supplier (6).;A;2 Begriffe mit 4 Fundstellen auf 8 Seiten: Qualitätssicherung (2), Qualitätsmanagement (2).
technotrans SE;https://www.technotrans.de/home;C;63;Bedingter Fit;kein Ausschlusskriterium;4 von 12 Kriterien mit A, 2 mit D. Randbereich der Zielbranche laut Recherche: Fluessigkeiten-Management und Temperierung als Peripherie fuer Druckmaschinen. Auf der Website 4 Fundstellen zu Kernbegriffen: Druckmaschine (2), Digitaldruck (2).;Hoch, recherchiert und Website geprüft, 100 Prozent der Kriterien belegt;48336 Sassenberg;Deutschland;Fluessigkeiten-Management und Temperierung als Peripherie fuer Druckmaschinen;1.443 (Recherche);244 (Recherche);Streubesitz (boersennotiert);Startliste;Wikipedia: anwendungsspezifische Loesungen im Thermomanagement, historisch aus der Druckindustrie (Feuchtmittel-, Farb- und Temperiertechnik) gewachsen.;https://de.linkedin.com/company/technotrans-se;B;Randbereich der Zielbranche laut Recherche: Fluessigkeiten-Management und Temperierung als Peripherie fuer Druckmaschinen. Auf der Website 4 Fundstellen zu Kernbegriffen: Druckmaschine (2), Digitaldruck (2).;B;Sitz 48336 Sassenberg, Deutschland, im Land der Zielregion (Heidelberg), aber nicht in der Region selbst.;A;1.443 Mitarbeiter (Recherche, Gruppe: https://de.wikipedia.org/wiki/Technotrans (Stand 31.12.2025)), im ICP-Band 1.001 bis 10.000.;D;244 Mio. EUR (Recherche: https://de.wikipedia.org/wiki/Technotrans (GJ 2025)), deutlich unter dem ICP-Band rund 2 Mrd. EUR.;A;3 Begriffe mit 9 Fundstellen auf 10 Seiten: Präzision (4), präzise (4), Genauigkeit (1).;B;2 Begriffe mit 2 Fundstellen: Farbwerk (1), Register (1).;C;Schwacher Beleg, nur Antriebstechnik (1) auf 10 Seiten.;A;3 Begriffe mit 15 Fundstellen auf 10 Seiten: Ersatzteil (11), Verfügbarkeit (3), Lebensdauer (1).;B;2 Begriffe mit 3 Fundstellen: Großserie (2), Leistungsklasse (1).;C;Schwacher Beleg, nur Innovation (4) auf 10 Seiten.;D;Keiner der Begriffe auf 10 gecrawlten Seiten gefunden.;A;1 Begriffe mit 24 Fundstellen auf 10 Seiten: Dokumentation (24).
Graficon Maschinenbau AG;https://www.graficon.ch/;C;62;Bedingter Fit;kein Ausschlusskriterium;3 von 12 Kriterien mit A, 1 mit D, 2 ohne Datenbasis. Kernprodukt laut Recherche: Spezialmaschinen und Druckwerke fuer Flexo- und Etikettendruck. Auf der Website 21 Fundstellen zu Kernbegriffen: Inkjet (7), Flexodruck (4), Etikettendruck (3), Druckmaschine (2).;Mittel, nur Website, 73 Prozent der Kriterien belegt;9303 Wittenbach;Schweiz;Spezialmaschinen und Druckwerke fuer Flexo- und Etikettendruck;k. A.;k. A.;;Websuche Flexodruckmaschinen Hersteller;"Website: Produkte Spezialmaschinen, Baueinheiten, Flachsieb- und Flachpraegewerke; entwickelt und produziert in eigener 3800-m2-Fabrik (Warschau); zudem Vertrieb Bobst Firenze und Grafotronic.";https://www.linkedin.com/company/graficon-maschinenbau-ag;A;Kernprodukt laut Recherche: Spezialmaschinen und Druckwerke fuer Flexo- und Etikettendruck. Auf der Website 21 Fundstellen zu Kernbegriffen: Inkjet (7), Flexodruck (4), Etikettendruck (3), Druckmaschine (2).;C;Sitz 9303 Wittenbach, Schweiz, im deutschsprachigen Raum, Zielregion ist Heidelberg.;N;Keine belegte Mitarbeiterzahl (weder Recherche noch Website).;N;Kein Umsatz veröffentlicht und keine Mitarbeiterzahl zum Ableiten.;C;Schwacher Beleg, nur präzise (1) auf 6 Seiten.;A;3 Begriffe mit 7 Fundstellen auf 6 Seiten: Register (4), Bogen (2), Druckwerk (1).;C;Keiner der Begriffe auf 6 gecrawlten Seiten gefunden. Bauteil- oder Fachvokabular steht selten auf Firmenwebsites, daher kein Abzug bis D.;A;3 Begriffe mit 14 Fundstellen auf 6 Seiten: Wartung (9), Ersatzteil (4), Standzeit (1).;D;Keiner der Begriffe auf 6 gecrawlten Seiten gefunden.;C;Schwacher Beleg, nur Innovation (1) auf 6 Seiten.;B;1 Begriffe mit 1 Fundstellen: Lieferant (1).;B;1 Begriffe mit 1 Fundstellen: Zertifizierung (1).
Hohner Maschinenbau GmbH;https://www.hohner-postpress.com/?L=0;C;62;Bedingter Fit;kein Ausschlusskriterium;4 von 12 Kriterien mit A, 2 mit D, 2 ohne Datenbasis. Randbereich der Zielbranche laut Recherche: Sammelhefter und Drahtheftmaschinen. Auf der Website 24 Fundstellen zu Kernbegriffen: Digitaldruck (12), Druckmaschine (6), Inkjet (6).;Mittel, nur Website, 73 Prozent der Kriterien belegt;78532 Tuttlingen;Deutschland;Sammelhefter und Drahtheftmaschinen;k. A.;k. A.;;Startliste;industrystock/Branchenquellen: Hersteller von Drahtheft- und Sammelheftmaschinen fuer die Druckweiterverarbeitung mit Sitz in Tuttlingen.;https://www.linkedin.com/company/hohner-maschinenbau-gmbh;B;Randbereich der Zielbranche laut Recherche: Sammelhefter und Drahtheftmaschinen. Auf der Website 24 Fundstellen zu Kernbegriffen: Digitaldruck (12), Druckmaschine (6), Inkjet (6).;B;Sitz 78532 Tuttlingen, Deutschland, im Land der Zielregion (Heidelberg), aber nicht in der Region selbst.;N;Keine belegte Mitarbeiterzahl (weder Recherche noch Website).;N;Kein Umsatz veröffentlicht und keine Mitarbeiterzahl zum Ableiten.;A;2 Begriffe mit 27 Fundstellen auf 9 Seiten: präzise (21), Genauigkeit (6).;D;Keiner der Begriffe auf 9 gecrawlten Seiten gefunden.;C;Keiner der Begriffe auf 9 gecrawlten Seiten gefunden. Bauteil- oder Fachvokabular steht selten auf Firmenwebsites, daher kein Abzug bis D.;A;2 Begriffe mit 87 Fundstellen auf 9 Seiten: Wartung (67), Verfügbarkeit (20).;B;1 Begriffe mit 6 Fundstellen: Taktzahl (6).;A;3 Begriffe mit 84 Fundstellen auf 9 Seiten: Innovation (59), Entwicklung (13), Konstruktion (12).;D;Keiner der Begriffe auf 9 gecrawlten Seiten gefunden.;A;3 Begriffe mit 27 Fundstellen auf 9 Seiten: zertifiziert (13), Zertifizierung (7), Dokumentation (7).
PERFECTA Precision Cutting Systems GmbH;https://www.perfecta.de/de/index.html;C;62;Bedingter Fit;kein Ausschlusskriterium;2 von 12 Kriterien mit A, 1 mit D, 2 ohne Datenbasis. Randbereich der Zielbranche laut Recherche: Schnellschneider und automatisierte Schneidsysteme.;Mittel, nur Website, 73 Prozent der Kriterien belegt;02625 Bautzen;Deutschland;Schnellschneider und automatisierte Schneidsysteme;k. A.;k. A.;Baumann Gruppe (Marke baumannperfecta);Startliste;"Website/Impressum: PERFECTA Precision Cutting Systems GmbH, Schaefferstrasse 44, 02625 Bautzen; PERFECTA praegt seit 1896 die Entwicklung der Schneidtechnik und gilt als einer der innovativsten Hersteller der Branche.";nicht auf der Website verlinkt;B;Randbereich der Zielbranche laut Recherche: Schnellschneider und automatisierte Schneidsysteme.;B;Sitz 02625 Bautzen, Deutschland, im Land der Zielregion (Heidelberg), aber nicht in der Region selbst.;N;Keine belegte Mitarbeiterzahl (weder Recherche noch Website).;N;Kein Umsatz veröffentlicht und keine Mitarbeiterzahl zum Ableiten.;A;4 Begriffe mit 14 Fundstellen auf 8 Seiten: Präzision (7), präzise (3), precision (3), Maßhaltigkeit (1).;B;2 Begriffe mit 8 Fundstellen: Rotation (5), Register (3).;C;Keiner der Begriffe auf 8 gecrawlten Seiten gefunden. Bauteil- oder Fachvokabular steht selten auf Firmenwebsites, daher kein Abzug bis D.;C;Schwacher Beleg, nur Lebensdauer (1) auf 8 Seiten.;B;2 Begriffe mit 8 Fundstellen: Hochleistung (6), m/min (2).;B;2 Begriffe mit 3 Fundstellen: Maschinengeneration (2), Entwicklung (1).;D;Keiner der Begriffe auf 8 gecrawlten Seiten gefunden.;A;2 Begriffe mit 3 Fundstellen auf 8 Seiten: Prüfprotokoll (2), Dokumentation (1).
ITW Morlock GmbH;https://itwmorlock.com/;C;61;Bedingter Fit;kein Ausschlusskriterium;3 von 12 Kriterien mit A, 2 mit D, 2 ohne Datenbasis. Kernprodukt laut Recherche: Tampondrucksysteme, Automationen und Verbrauchsmaterial. Auf der Website 12 Fundstellen zu Kernbegriffen: printing system (8), printing machine (3), Drucksystem (1).;Mittel, nur Website, 73 Prozent der Kriterien belegt;72280 Dornstetten;Deutschland;Tampondrucksysteme, Automationen und Verbrauchsmaterial;k. A.;k. A.;Illinois Tool Works Inc. (USA);Startliste (Morlock);"Website itwmorlock.com: We design and manufacture pad printing systems as well as precision tooling, inks, pads, and printing plates; Standort Dornstetten (+49 7443).";nicht auf der Website verlinkt;A;Kernprodukt laut Recherche: Tampondrucksysteme, Automationen und Verbrauchsmaterial. Auf der Website 12 Fundstellen zu Kernbegriffen: printing system (8), printing machine (3), Drucksystem (1).;B;Sitz 72280 Dornstetten, Deutschland, im Land der Zielregion (Heidelberg), aber nicht in der Region selbst.;N;Keine belegte Mitarbeiterzahl (weder Recherche noch Website).;N;Kein Umsatz veröffentlicht und keine Mitarbeiterzahl zum Ableiten.;A;4 Begriffe mit 18 Fundstellen auf 8 Seiten: repeatab (6), precision (5), accuracy (5), µm (2).;C;Schwacher Beleg, nur Register (3) auf 8 Seiten.;C;Keiner der Begriffe auf 8 gecrawlten Seiten gefunden. Bauteil- oder Fachvokabular steht selten auf Firmenwebsites, daher kein Abzug bis D.;C;Schwacher Beleg, nur maintenance (2) auf 8 Seiten.;D;Keiner der Begriffe auf 8 gecrawlten Seiten gefunden.;A;2 Begriffe mit 14 Fundstellen auf 8 Seiten: engineering (11), Patent (3).;B;1 Begriffe mit 3 Fundstellen: Supplier (3).;D;Keiner der Begriffe auf 8 gecrawlten Seiten gefunden.
Koenig & Bauer Banknote Solutions SA;https://banknote-solutions.koenig-bauer.com/en/;C;61;Bedingter Fit;kein Ausschlusskriterium;1 von 12 Kriterien mit A, 0 mit D, 9 ohne Datenbasis. Kernprodukt laut Recherche: Banknotendruckmaschinen (Intaglio, Offset, Siebdruck).;Niedrig, nur wenige Seiten, 30 Prozent der Kriterien belegt;1018 Lausanne;Schweiz;Banknotendruckmaschinen (Intaglio, Offset, Siebdruck);k. A.;k. A.;Koenig & Bauer AG;Konzernstruktur Koenig & Bauer;"Website Banknote Solutions: Expertise Design, Production, Security Features fuer Banknotendruck; Sitz Lausanne.";https://www.linkedin.com/company/23394;A;Kernprodukt laut Recherche: Banknotendruckmaschinen (Intaglio, Offset, Siebdruck).;C;Sitz 1018 Lausanne, Schweiz, im deutschsprachigen Raum, Zielregion ist Heidelberg.;N;Keine belegte Mitarbeiterzahl (weder Recherche noch Website).;N;Kein Umsatz veröffentlicht und keine Mitarbeiterzahl zum Ableiten.;N;Kein Treffer, aber nur 1 Seite(n) abrufbar. Nicht belegbar.;N;Kein Treffer, aber nur 1 Seite(n) abrufbar. Nicht belegbar.;N;Kein Treffer, aber nur 1 Seite(n) abrufbar. Nicht belegbar.;B;2 Begriffe mit 2 Fundstellen: Retrofit (1), spare part (1).;N;Kein Treffer, aber nur 1 Seite(n) abrufbar. Nicht belegbar.;N;Kein Treffer, aber nur 1 Seite(n) abrufbar. Nicht belegbar.;N;Kein Treffer, aber nur 1 Seite(n) abrufbar. Nicht belegbar.;N;Kein Treffer, aber nur 1 Seite(n) abrufbar. Nicht belegbar.
MPRINT Morlock GmbH + Co. KG;https://www.mprint.de/de/;C;61;Bedingter Fit;kein Ausschlusskriterium;4 von 12 Kriterien mit A, 1 mit D. Kernprodukt laut Recherche: Industrielle Inkjet-Digitaldruckmaschinen (MONOJET, MLABEL, MJET). Auf der Website 48 Fundstellen zu Kernbegriffen: Drucksystem (12), Digitaldruck (10), Inkjet (10), Druckmaschine (7).;Mittel, nur Website, 100 Prozent der Kriterien belegt;72270 Baiersbronn;Deutschland;Industrielle Inkjet-Digitaldruckmaschinen (MONOJET, MLABEL, MJET);5.501 (Website);1.100 (abgeleitet);Leonhard Kurz Stiftung & Co. KG (KURZ-Gruppe);Websuche Digitaldruckmaschinen Hersteller Deutschland;"Website: MPRINT ist Teil der KURZ-Gruppe; Schwarzwaelder Praezision im Inkjet-Digitaldruck, Produkte MONOJET, MLABEL, MJET.";https://www.linkedin.com/company/mprintinkjet;A;Kernprodukt laut Recherche: Industrielle Inkjet-Digitaldruckmaschinen (MONOJET, MLABEL, MJET). Auf der Website 48 Fundstellen zu Kernbegriffen: Drucksystem (12), Digitaldruck (10), Inkjet (10), Druckmaschine (7).;B;Sitz 72270 Baiersbronn, Deutschland, im Land der Zielregion (Heidelberg), aber nicht in der Region selbst.;C;5.501 Mitarbeiter stehen auf der Website, die Zahl gehört aber zur Gruppe (Leonhard Kurz Stiftung & Co. KG (KURZ-Gruppe)). Zahl der Einzelgesellschaft unbelegt, in der Nachprüfung zu klären.;B;1,1 Mrd. EUR (aus 5.501 Mitarbeitern abgeleitet (0,2 Mio. EUR je Kopf, Maschinenbau)), im ICP-Band, Wert nur abgeleitet rund 2 Mrd. EUR.;C;Schwacher Beleg, nur Präzision (2) auf 7 Seiten.;C;Schwacher Beleg, nur Register (2) auf 7 Seiten.;C;Keiner der Begriffe auf 7 gecrawlten Seiten gefunden. Bauteil- oder Fachvokabular steht selten auf Firmenwebsites, daher kein Abzug bis D.;A;5 Begriffe mit 12 Fundstellen auf 7 Seiten: Wartung (5), Verfügbarkeit (3), Standzeit (2), Ersatzteil (1).;D;Keiner der Begriffe auf 7 gecrawlten Seiten gefunden.;A;4 Begriffe mit 15 Fundstellen auf 7 Seiten: Innovation (7), Entwicklung (6), Konstruktion (1), Konstrukteur (1).;A;3 Begriffe mit 5 Fundstellen auf 7 Seiten: Code of Conduct (2), Verhaltenskodex (2), Lieferant (1).;B;1 Begriffe mit 2 Fundstellen: ISO 9001 (2).
Notion Systems GmbH;https://www.notion-systems.com/startseite.html;C;61;Bedingter Fit;kein Ausschlusskriterium;3 von 12 Kriterien mit A, 2 mit D, 2 ohne Datenbasis. Kernprodukt laut Recherche: Industrielle Inkjet-Drucksysteme fuer funktionale Materialien. Auf der Website 65 Fundstellen zu Kernbegriffen: Inkjet (41), Drucksystem (22), printing system (2).;Mittel, nur Website, 73 Prozent der Kriterien belegt;68723 Schwetzingen;Deutschland;Industrielle Inkjet-Drucksysteme fuer funktionale Materialien;k. A.;k. A.;;Websuche industrielle Inkjet Drucksysteme;"Website: We develop and build semiconductor processing tools and industrial inkjet printing systems for functional materials; Sitz Werkstr. 2, Schwetzingen.";https://de.linkedin.com/company/notionsystems;A;Kernprodukt laut Recherche: Industrielle Inkjet-Drucksysteme fuer funktionale Materialien. Auf der Website 65 Fundstellen zu Kernbegriffen: Inkjet (41), Drucksystem (22), printing system (2).;B;Sitz 68723 Schwetzingen, Deutschland, im Land der Zielregion (Heidelberg), aber nicht in der Region selbst.;N;Keine belegte Mitarbeiterzahl (weder Recherche noch Website).;N;Kein Umsatz veröffentlicht und keine Mitarbeiterzahl zum Ableiten.;D;Keiner der Begriffe auf 8 gecrawlten Seiten gefunden.;C;Schwacher Beleg, nur Register (4) auf 8 Seiten.;C;Keiner der Begriffe auf 8 gecrawlten Seiten gefunden. Bauteil- oder Fachvokabular steht selten auf Firmenwebsites, daher kein Abzug bis D.;A;5 Begriffe mit 17 Fundstellen auf 8 Seiten: Ersatzteil (4), Wartung (4), Lebensdauer (4), Verfügbarkeit (4).;D;Keiner der Begriffe auf 8 gecrawlten Seiten gefunden.;A;4 Begriffe mit 35 Fundstellen auf 8 Seiten: R&D (16), engineering (16), Konstrukteur (2), Innovation (1).;B;1 Begriffe mit 2 Fundstellen: Einkauf (2).;B;1 Begriffe mit 6 Fundstellen: certified (6).
IST METZ GmbH & Co. KG;https://www.ist-uv.com/en/;C;60;Bedingter Fit;kein Ausschlusskriterium;5 von 12 Kriterien mit A, 1 mit D. Randbereich der Zielbranche laut Recherche: UV-, LED-UV- und Excimer-Haertungssysteme fuer Druckmaschinen. Auf der Website 39 Fundstellen zu Kernbegriffen: Inkjet (18), Bogenoffset (10), Etikettendruck (10), printing press (1).;Hoch, recherchiert und Website geprüft, 100 Prozent der Kriterien belegt;72622 Nürtingen;Deutschland;UV-, LED-UV- und Excimer-Haertungssysteme fuer Druckmaschinen;480 (Recherche);96 (abgeleitet);;Websuche Peripherie Druckmaschinen (UV-Trocknung);"Website: IST METZ GmbH & Co. KG mit Sitz in Nuertingen ist ein international agierendes, mittelstaendisches Maschinenbauunternehmen; entwickelt und fertigt UV-, LED-UV-, IR- und Excimer-Systeme fuer die Strahlungshaertung im Druck.";https://de.linkedin.com/company/ist-metz-gmbh;B;Randbereich der Zielbranche laut Recherche: UV-, LED-UV- und Excimer-Haertungssysteme fuer Druckmaschinen. Auf der Website 39 Fundstellen zu Kernbegriffen: Inkjet (18), Bogenoffset (10), Etikettendruck (10), printing press (1).;B;Sitz 72622 Nürtingen, Deutschland, im Land der Zielregion (Heidelberg), aber nicht in der Region selbst.;C;480 Mitarbeiter (Recherche, Gruppe: https://www.ist-uv.com/de/unternehmen (2026: rund 480 Mitarbeitern weltweit)), unter dem ICP-Band 1.001 bis 10.000.;D;96 Mio. EUR (aus 480 Mitarbeitern abgeleitet (0,2 Mio. EUR je Kopf, Maschinenbau)), deutlich unter dem ICP-Band rund 2 Mrd. EUR.;B;2 Begriffe mit 2 Fundstellen: präzise (1), precision (1).;A;2 Begriffe mit 14 Fundstellen auf 6 Seiten: Bogen (10), Register (4).;C;Keiner der Begriffe auf 6 gecrawlten Seiten gefunden. Bauteil- oder Fachvokabular steht selten auf Firmenwebsites, daher kein Abzug bis D.;A;4 Begriffe mit 22 Fundstellen auf 6 Seiten: Ersatzteil (15), Retrofit (3), spare part (3), maintenance (1).;C;Schwacher Beleg, nur Hochleistung (3) auf 6 Seiten.;A;4 Begriffe mit 11 Fundstellen auf 6 Seiten: Entwicklung (5), Innovation (3), Konstruktion (2), Forschung und Entwicklung (1).;A;4 Begriffe mit 14 Fundstellen auf 6 Seiten: Einkauf (11), Einkaufsbedingungen (1), Supplier (1), Supply Chain (1).;A;2 Begriffe mit 12 Fundstellen auf 6 Seiten: Qualitätsmanagement (10), quality management (2).
Rotodecor GmbH;https://rotodecor.com/;C;60;Bedingter Fit;kein Ausschlusskriterium;5 von 12 Kriterien mit A, 2 mit D. Kernprodukt laut Recherche: Tiefdruckmaschinen fuer Dekorpapier, Lackieranlagen, Rotationsstanzen. Auf der Website 61 Fundstellen zu Kernbegriffen: Druckmaschine (28), Tiefdruck (27), Digitaldruck (3), Verpackungsdruck (2).;Hoch, recherchiert und Website geprüft, 100 Prozent der Kriterien belegt;32791 Lage;Deutschland;Tiefdruckmaschinen fuer Dekorpapier, Lackieranlagen, Rotationsstanzen;90 (Recherche);18 (abgeleitet);Hummingbird Converting Solutions GmbH;industrystock Tiefdruckmaschinen;"Website: Produkte Tiefdruckmaschinen, Lackieranlagen, Rotationsstanzen; Tochterunternehmen der Hummingbird Converting Solutions GmbH.";https://www.linkedin.com/company/rotodecor-gmbh;A;Kernprodukt laut Recherche: Tiefdruckmaschinen fuer Dekorpapier, Lackieranlagen, Rotationsstanzen. Auf der Website 61 Fundstellen zu Kernbegriffen: Druckmaschine (28), Tiefdruck (27), Digitaldruck (3), Verpackungsdruck (2).;B;Sitz 32791 Lage, Deutschland, im Land der Zielregion (Heidelberg), aber nicht in der Region selbst.;D;90 Mitarbeiter (Recherche, Gesellschaft: https://rotodecor.com/unternehmen/ (2026: Mehr als 90 Mitarbeiter an 3 Standorten)), deutlich unter dem ICP-Band 1.001 bis 10.000.;D;18 Mio. EUR (aus 90 Mitarbeitern abgeleitet (0,2 Mio. EUR je Kopf, Maschinenbau)), deutlich unter dem ICP-Band rund 2 Mrd. EUR.;B;2 Begriffe mit 2 Fundstellen: Präzision (1), präzise (1).;A;3 Begriffe mit 18 Fundstellen auf 7 Seiten: Rotation (15), Register (2), Bahnlauf (1).;C;Schwacher Beleg, nur Antriebstechnik (2) auf 7 Seiten.;A;6 Begriffe mit 22 Fundstellen auf 7 Seiten: Ersatzteil (9), Wartung (5), Retrofit (2), Lebensdauer (2).;B;2 Begriffe mit 7 Fundstellen: m/min (4), Druckgeschwindigkeit (3).;B;2 Begriffe mit 4 Fundstellen: Konstruktion (3), Innovation (1).;A;2 Begriffe mit 3 Fundstellen auf 7 Seiten: Zulieferer (2), Einkauf (1).;A;2 Begriffe mit 3 Fundstellen auf 7 Seiten: Qualitätssicherung (2), Qualitätsmanagement (1).
Baldwin Technology GmbH;https://www.bwconverting.com/brand/baldwin/;C;59;Bedingter Fit;kein Ausschlusskriterium;3 von 12 Kriterien mit A, 2 mit D, 2 ohne Datenbasis. Randbereich der Zielbranche laut Recherche: Reinigungs-, Spruehbefeuchtungs- und UV-Systeme fuer Druckmaschinen.;Mittel, nur Website, 73 Prozent der Kriterien belegt;86316 Friedberg;Deutschland;Reinigungs-, Spruehbefeuchtungs- und UV-Systeme fuer Druckmaschinen;k. A.;k. A.;Barry-Wehmiller (BW Converting, USA);"Startliste (Baldwin); industrystock Rollenoffset";"Website bwconverting.com: Baldwin became part of the Barry-Wehmiller family in 2012; Akquisitionen Web Printing Controls und Air Motion Systems (LED-UV).";https://www.linkedin.com/company/bw-converting;B;Randbereich der Zielbranche laut Recherche: Reinigungs-, Spruehbefeuchtungs- und UV-Systeme fuer Druckmaschinen.;B;Sitz 86316 Friedberg, Deutschland, im Land der Zielregion (Heidelberg), aber nicht in der Region selbst.;N;Keine belegte Mitarbeiterzahl (weder Recherche noch Website).;N;Kein Umsatz veröffentlicht und keine Mitarbeiterzahl zum Ableiten.;A;3 Begriffe mit 5 Fundstellen auf 6 Seiten: precision (2), tolerance (2), accuracy (1).;A;2 Begriffe mit 32 Fundstellen auf 6 Seiten: Register (30), printing unit (2).;C;Keiner der Begriffe auf 6 gecrawlten Seiten gefunden. Bauteil- oder Fachvokabular steht selten auf Firmenwebsites, daher kein Abzug bis D.;C;Schwacher Beleg, nur uptime (1) auf 6 Seiten.;C;Schwacher Beleg, nur high-speed (2) auf 6 Seiten.;A;1 Begriffe mit 26 Fundstellen auf 6 Seiten: Innovation (26).;D;Keiner der Begriffe auf 6 gecrawlten Seiten gefunden.;D;Keiner der Begriffe auf 6 gecrawlten Seiten gefunden.
Koenig & Bauer Durst GmbH;https://www.koenig-bauer-durst.com/;C;59;Bedingter Fit;kein Ausschlusskriterium;2 von 12 Kriterien mit A, 2 mit D, 2 ohne Datenbasis. Kernprodukt laut Recherche: Digitaldruckmaschinen fuer Faltschachtel- und Wellpappendruck. Auf der Website 14 Fundstellen zu Kernbegriffen: Inkjet (5), printing press (3), printing machine (3), printing system (3).;Mittel, nur Website, 73 Prozent der Kriterien belegt;97080 Würzburg;Deutschland;Digitaldruckmaschinen fuer Faltschachtel- und Wellpappendruck;k. A.;k. A.;Joint Venture von Koenig & Bauer AG und Durst Group AG;Startliste;"Website: entwickelt Koenig & Bauer Durst einzigartige Digitaldruckloesungen; Produkte VariJET 106, Delta SPC 130, CorruJET 170.";https://www.linkedin.com/company/koenig-bauer-durst;A;Kernprodukt laut Recherche: Digitaldruckmaschinen fuer Faltschachtel- und Wellpappendruck. Auf der Website 14 Fundstellen zu Kernbegriffen: Inkjet (5), printing press (3), printing machine (3), printing system (3).;B;Sitz 97080 Würzburg, Deutschland, im Land der Zielregion (Heidelberg), aber nicht in der Region selbst.;N;Keine belegte Mitarbeiterzahl (weder Recherche noch Website).;N;Kein Umsatz veröffentlicht und keine Mitarbeiterzahl zum Ableiten.;D;Keiner der Begriffe auf 7 gecrawlten Seiten gefunden.;C;Schwacher Beleg, nur Register (2) auf 7 Seiten.;C;Keiner der Begriffe auf 7 gecrawlten Seiten gefunden. Bauteil- oder Fachvokabular steht selten auf Firmenwebsites, daher kein Abzug bis D.;D;Keiner der Begriffe auf 7 gecrawlten Seiten gefunden.;B;2 Begriffe mit 3 Fundstellen: high-speed (2), sheets per hour (1).;A;2 Begriffe mit 16 Fundstellen auf 7 Seiten: Innovation (14), engineering (2).;B;1 Begriffe mit 2 Fundstellen: Supply Chain (2).;B;1 Begriffe mit 2 Fundstellen: certified (2).
Berhalter AG;https://www.berhalter.com/;C;58;Bedingter Fit;kein Ausschlusskriterium;3 von 12 Kriterien mit A, 1 mit D, 2 ohne Datenbasis. Randbereich der Zielbranche laut Recherche: Stanzmaschinen fuer Etiketten, Deckel und flexible Verpackung.;Niedrig, nur wenige Seiten, 73 Prozent der Kriterien belegt;9443 Widnau;Schweiz;Stanzmaschinen fuer Etiketten, Deckel und flexible Verpackung;k. A.;k. A.;Familienbesitz;Startliste;"Website: BERHALTER Swiss Die-Cutting; Stanzloesungen fuer Nahrungsmittel-, Getraenke- und Pharmaverpackung.";https://www.linkedin.com/company/berhalter-switzerland;B;Randbereich der Zielbranche laut Recherche: Stanzmaschinen fuer Etiketten, Deckel und flexible Verpackung.;C;Sitz 9443 Widnau, Schweiz, im deutschsprachigen Raum, Zielregion ist Heidelberg.;N;Keine belegte Mitarbeiterzahl (weder Recherche noch Website).;N;Kein Umsatz veröffentlicht und keine Mitarbeiterzahl zum Ableiten.;B;2 Begriffe mit 4 Fundstellen: Präzision (3), präzise (1).;C;Schwacher Beleg, nur Register (1) auf 3 Seiten.;C;Keiner der Begriffe auf 3 gecrawlten Seiten gefunden. Bauteil- oder Fachvokabular steht selten auf Firmenwebsites, daher kein Abzug bis D.;B;2 Begriffe mit 5 Fundstellen: Ersatzteil (3), Verfügbarkeit (2).;D;Keiner der Begriffe auf 3 gecrawlten Seiten gefunden.;A;2 Begriffe mit 10 Fundstellen auf 3 Seiten: Innovation (7), Entwicklung (3).;A;3 Begriffe mit 7 Fundstellen auf 3 Seiten: Einkauf (3), Einkaufsbedingungen (3), Lieferant (1).;A;2 Begriffe mit 5 Fundstellen auf 3 Seiten: zertifiziert (4), Zertifizierung (1).
grapho metronic Mess- und Regeltechnik GmbH;https://grapho-metronic.com/;C;58;Bedingter Fit;kein Ausschlusskriterium;5 von 12 Kriterien mit A, 1 mit D. Randbereich der Zielbranche laut Recherche: Mess- und Regelsysteme fuer Druckmaschinen (Register, Farbdichte). Auf der Website 4 Fundstellen zu Kernbegriffen: Druckmaschine (4).;Hoch, recherchiert und Website geprüft, 100 Prozent der Kriterien belegt;81669 München;Deutschland;Mess- und Regelsysteme fuer Druckmaschinen (Register, Farbdichte);30 (Recherche);4.000 (Website);L. Possehl & Co. mbH;"VDMA Mitgliederverzeichnis; industrystock Rollenoffset";Website: Alle Systeme werden komplett in Muenchen von uns entwickelt und gefertigt (hochpraezise Messsysteme fuer Druckmaschinen).;https://de.linkedin.com/company/grapho-metronic;B;Randbereich der Zielbranche laut Recherche: Mess- und Regelsysteme fuer Druckmaschinen (Register, Farbdichte). Auf der Website 4 Fundstellen zu Kernbegriffen: Druckmaschine (4).;B;Sitz 81669 München, Deutschland, im Land der Zielregion (Heidelberg), aber nicht in der Region selbst.;D;30 Mitarbeiter (Recherche, Gesellschaft: https://grapho-metronic.com/karriere/ (2026: Wir sind ein Unternehmen mit rund 30 Mitarbeitern)), deutlich unter dem ICP-Band 1.001 bis 10.000.;C;4 Mrd. EUR stehen auf der Website, der Wert gehört aber zur Gruppe (L. Possehl & Co. mbH). Umsatz der Einzelgesellschaft unbelegt.;A;2 Begriffe mit 10 Fundstellen auf 6 Seiten: Präzision (6), präzise (4).;B;2 Begriffe mit 4 Fundstellen: Register (3), Bogen (1).;C;Keiner der Begriffe auf 6 gecrawlten Seiten gefunden. Bauteil- oder Fachvokabular steht selten auf Firmenwebsites, daher kein Abzug bis D.;A;3 Begriffe mit 5 Fundstellen auf 6 Seiten: Retrofit (3), Ersatzteil (1), Wartung (1).;C;Schwacher Beleg, nur high-speed (3) auf 6 Seiten.;A;3 Begriffe mit 12 Fundstellen auf 6 Seiten: Entwicklung (6), Patent (5), Konstruktion (1).;A;3 Begriffe mit 4 Fundstellen auf 6 Seiten: Einkauf (2), Lieferant (1), Einkaufsbedingungen (1).;A;3 Begriffe mit 5 Fundstellen auf 6 Seiten: Messtechnik (3), Qualitätssicherung (1), Qualitätskontrolle (1).
Baumann print finishing GmbH;https://www.baumannprint.com/;C;57;Bedingter Fit;kein Ausschlusskriterium;0 von 12 Kriterien mit A, 0 mit D, 10 ohne Datenbasis. Randbereich der Zielbranche laut Recherche: Automatisierungs- und Schneidsysteme fuer die Druckweiterverarbeitung.;Niedrig, nur wenige Seiten, 24 Prozent der Kriterien belegt;35606 Solms;Deutschland;Automatisierungs- und Schneidsysteme fuer die Druckweiterverarbeitung;k. A.;k. A.;Pütz Group, Saarburg;Websuche Baumann Maschinenbau Solms Insolvenz (print.de, bindereport);Website baumannprint.com: Baumann packing GmbH, Baumann print finishing GmbH, Oberbieler Str. 1-3, 35606 Solms.;nicht auf der Website verlinkt;B;Randbereich der Zielbranche laut Recherche: Automatisierungs- und Schneidsysteme fuer die Druckweiterverarbeitung.;B;Sitz 35606 Solms, Deutschland, im Land der Zielregion (Heidelberg), aber nicht in der Region selbst.;N;Keine belegte Mitarbeiterzahl (weder Recherche noch Website).;N;Kein Umsatz veröffentlicht und keine Mitarbeiterzahl zum Ableiten.;N;Kein Treffer, aber nur 1 Seite(n) abrufbar. Nicht belegbar.;N;Kein Treffer, aber nur 1 Seite(n) abrufbar. Nicht belegbar.;N;Kein Treffer, aber nur 1 Seite(n) abrufbar. Nicht belegbar.;N;Kein Treffer, aber nur 1 Seite(n) abrufbar. Nicht belegbar.;N;Kein Treffer, aber nur 1 Seite(n) abrufbar. Nicht belegbar.;N;Kein Treffer, aber nur 1 Seite(n) abrufbar. Nicht belegbar.;N;Kein Treffer, aber nur 1 Seite(n) abrufbar. Nicht belegbar.;N;Kein Treffer, aber nur 1 Seite(n) abrufbar. Nicht belegbar.
ELS European Labelling System GmbH;https://www.els-gmbh.de/;C;57;Bedingter Fit;kein Ausschlusskriterium;3 von 12 Kriterien mit A, 2 mit D, 2 ohne Datenbasis. Randbereich der Zielbranche laut Recherche: Etikettiermaschinen und Etikettierautomaten. Auf der Website 31 Fundstellen zu Kernbegriffen: Drucksystem (16), Etikettendruck (15).;Mittel, nur Website, 73 Prozent der Kriterien belegt;33824 Werther (Westf.);Deutschland;Etikettiermaschinen und Etikettierautomaten;k. A.;k. A.;;VDMA Mitgliederverzeichnis;"Website: Etikettierautomaten, Querbahn-Etikettierautomaten, Sondermaschinen und Codiersysteme; Impressum Dammstrasse 21, 33824 Werther/Westf.";nicht auf der Website verlinkt;B;Randbereich der Zielbranche laut Recherche: Etikettiermaschinen und Etikettierautomaten. Auf der Website 31 Fundstellen zu Kernbegriffen: Drucksystem (16), Etikettendruck (15).;B;Sitz 33824 Werther (Westf.), Deutschland, im Land der Zielregion (Heidelberg), aber nicht in der Region selbst.;N;Keine belegte Mitarbeiterzahl (weder Recherche noch Website).;N;Kein Umsatz veröffentlicht und keine Mitarbeiterzahl zum Ableiten.;B;2 Begriffe mit 5 Fundstellen: Präzision (3), präzise (2).;C;Schwacher Beleg, nur Register (4) auf 7 Seiten.;C;Keiner der Begriffe auf 7 gecrawlten Seiten gefunden. Bauteil- oder Fachvokabular steht selten auf Firmenwebsites, daher kein Abzug bis D.;A;3 Begriffe mit 11 Fundstellen auf 7 Seiten: Ersatzteil (6), Wartung (3), Verfügbarkeit (2).;D;Keiner der Begriffe auf 7 gecrawlten Seiten gefunden.;A;4 Begriffe mit 10 Fundstellen auf 7 Seiten: Konstruktion (3), Neuentwicklung (3), Innovation (3), Entwicklung (1).;D;Keiner der Begriffe auf 7 gecrawlten Seiten gefunden.;A;2 Begriffe mit 4 Fundstellen auf 7 Seiten: ISO 9001 (2), Zertifizierung (2).
Koenig & Bauer Coding GmbH;https://coding.koenig-bauer.com/de/;C;57;Bedingter Fit;kein Ausschlusskriterium;2 von 12 Kriterien mit A, 1 mit D, 2 ohne Datenbasis. Randbereich der Zielbranche laut Recherche: Kennzeichnungssysteme, Continuous-Inkjet- und Lasersysteme. Auf der Website 29 Fundstellen zu Kernbegriffen: Inkjet (20), printing press (9).;Mittel, nur Website, 73 Prozent der Kriterien belegt;97209 Veitshöchheim;Deutschland;Kennzeichnungssysteme, Continuous-Inkjet- und Lasersysteme;k. A.;k. A.;Koenig & Bauer AG;Startliste;Website: Seit 1972 entwickelt Koenig & Bauer Coding Technologien fuer die industrielle Kennzeichnung und Markierung, die nach hohen Qualitaetsstandards entwickelt und gefertigt werden.;https://www.linkedin.com/company/10162379;B;Randbereich der Zielbranche laut Recherche: Kennzeichnungssysteme, Continuous-Inkjet- und Lasersysteme. Auf der Website 29 Fundstellen zu Kernbegriffen: Inkjet (20), printing press (9).;B;Sitz 97209 Veitshöchheim, Deutschland, im Land der Zielregion (Heidelberg), aber nicht in der Region selbst.;N;Keine belegte Mitarbeiterzahl (weder Recherche noch Website).;N;Kein Umsatz veröffentlicht und keine Mitarbeiterzahl zum Ableiten.;C;Schwacher Beleg, nur präzise (3) auf 9 Seiten.;C;Schwacher Beleg, nur Register (3) auf 9 Seiten.;C;Keiner der Begriffe auf 9 gecrawlten Seiten gefunden. Bauteil- oder Fachvokabular steht selten auf Firmenwebsites, daher kein Abzug bis D.;B;2 Begriffe mit 2 Fundstellen: Verschleißteil (1), Wartung (1).;D;Keiner der Begriffe auf 9 gecrawlten Seiten gefunden.;B;2 Begriffe mit 4 Fundstellen: Entwicklung (3), Innovation (1).;A;3 Begriffe mit 20 Fundstellen auf 9 Seiten: Einkauf (17), Einkaufsbedingungen (2), Beschaffung (1).;A;4 Begriffe mit 9 Fundstellen auf 9 Seiten: Zertifizierung (4), Qualitätsmanagement (2), ISO 9001 (2), zertifiziert (1).
MBO Postpress Solutions GmbH;https://www.mbo-pps.com/;C;56;Bedingter Fit;kein Ausschlusskriterium;3 von 12 Kriterien mit A, 2 mit D, 2 ohne Datenbasis. Randbereich der Zielbranche laut Recherche: Falzmaschinen und Postpress-Automatisierung. Auf der Website 1 Fundstellen zu Kernbegriffen: Drucksystem (1).;Mittel, nur Website, 73 Prozent der Kriterien belegt;71570 Oppenweiler;Deutschland;Falzmaschinen und Postpress-Automatisierung;k. A.;k. A.;Komori Corporation (Japan);Startliste (MBO);"Website: MBO KOMORI Group, Falzmaschinen & Aggregate, Maschinenbau-Manufaktur mit Produktionsstandort Portugal; starke Wurzeln im Maschinenbau.";https://de.linkedin.com/company/mbopps;B;Randbereich der Zielbranche laut Recherche: Falzmaschinen und Postpress-Automatisierung. Auf der Website 1 Fundstellen zu Kernbegriffen: Drucksystem (1).;B;Sitz 71570 Oppenweiler, Deutschland, im Land der Zielregion (Heidelberg), aber nicht in der Region selbst.;N;Keine belegte Mitarbeiterzahl (weder Recherche noch Website).;N;Kein Umsatz veröffentlicht und keine Mitarbeiterzahl zum Ableiten.;D;Keiner der Begriffe auf 9 gecrawlten Seiten gefunden.;C;Schwacher Beleg, nur Anleger (1) auf 9 Seiten.;C;Schwacher Beleg, nur Antriebstechnik (2) auf 9 Seiten.;A;4 Begriffe mit 27 Fundstellen auf 9 Seiten: Ersatzteil (19), Wartung (3), spare part (3), Instandhaltung (2).;D;Keiner der Begriffe auf 9 gecrawlten Seiten gefunden.;B;2 Begriffe mit 3 Fundstellen: Neuentwicklung (2), Innovation (1).;A;2 Begriffe mit 4 Fundstellen auf 9 Seiten: Purchasing (3), Einkauf (1).;A;2 Begriffe mit 3 Fundstellen auf 9 Seiten: Dokumentation (2), Qualitätskontrolle (1).
Kern AG;https://www.kernworld.com/de/;C;55;Bedingter Fit;kein Ausschlusskriterium;3 von 12 Kriterien mit A, 1 mit D. Randbereich der Zielbranche laut Recherche: Kuvertier- und Versandsysteme, Verpackungssysteme. Auf der Website 3 Fundstellen zu Kernbegriffen: Digitaldruck (3).;Hoch, recherchiert und Website geprüft, 100 Prozent der Kriterien belegt;3510 Konolfingen;Schweiz;Kuvertier- und Versandsysteme, Verpackungssysteme;500 (Recherche);128 (Recherche);Familienbesitz;Startliste;"Wikipedia: Schweizer Familienunternehmen, produziert Maschinen fuer die Dokumentenverarbeitung (Kuvertiersysteme); Website kernMail, kernPack.";https://www.linkedin.com/company/19088877;B;Randbereich der Zielbranche laut Recherche: Kuvertier- und Versandsysteme, Verpackungssysteme. Auf der Website 3 Fundstellen zu Kernbegriffen: Digitaldruck (3).;C;Sitz 3510 Konolfingen, Schweiz, im deutschsprachigen Raum, Zielregion ist Heidelberg.;C;500 Mitarbeiter (Recherche, Gruppe: https://de.wikipedia.org/wiki/Kern_AG_(Maschinenbau) (Stand 2026)), unter dem ICP-Band 1.001 bis 10.000.;D;128 Mio. EUR (Recherche: https://de.wikipedia.org/wiki/Kern_AG_(Maschinenbau) (GJ 2007: 210 Mio. CHF, umgerechnet zum Jahresmittelkurs 2007 von 1,643 CHF/EUR)), deutlich unter dem ICP-Band rund 2 Mrd. EUR.;B;2 Begriffe mit 2 Fundstellen: Präzision (1), präzise (1).;B;2 Begriffe mit 4 Fundstellen: printing unit (3), Bogen (1).;C;Keiner der Begriffe auf 9 gecrawlten Seiten gefunden. Bauteil- oder Fachvokabular steht selten auf Firmenwebsites, daher kein Abzug bis D.;A;6 Begriffe mit 13 Fundstellen auf 9 Seiten: Wartung (5), Verfügbarkeit (3), Ersatzteil (2), Instandhaltung (1).;B;2 Begriffe mit 2 Fundstellen: Hochleistung (1), Leistungsklasse (1).;A;3 Begriffe mit 18 Fundstellen auf 9 Seiten: Innovation (10), Entwicklung (5), Konstrukteur (3).;A;3 Begriffe mit 31 Fundstellen auf 9 Seiten: Einkauf (15), Einkaufsbedingungen (15), Lieferant (1).;B;1 Begriffe mit 3 Fundstellen: Dokumentation (3).
Koenig & Bauer MetalPrint GmbH;https://metalprint.koenig-bauer.com/de/;C;55;Bedingter Fit;kein Ausschlusskriterium;2 von 12 Kriterien mit A, 3 mit D, 2 ohne Datenbasis. Kernprodukt laut Recherche: Blechdruckmaschinen und Lackieranlagen fuer Metallverpackung. Auf der Website 19 Fundstellen zu Kernbegriffen: Druckmaschine (19).;Mittel, nur Website, 73 Prozent der Kriterien belegt;70435 Stuttgart;Deutschland;Blechdruckmaschinen und Lackieranlagen fuer Metallverpackung;k. A.;k. A.;Koenig & Bauer AG;"chemie.de Herstellerliste Druckmaschinen; Konzernstruktur";"Website: Produkte Drucken Offset Blechdruckmaschinen; Impressum Koenig & Bauer MetalPrint GmbH, Stuttgart.";https://www.linkedin.com/company/koenig-bauer-metalprint;A;Kernprodukt laut Recherche: Blechdruckmaschinen und Lackieranlagen fuer Metallverpackung. Auf der Website 19 Fundstellen zu Kernbegriffen: Druckmaschine (19).;B;Sitz 70435 Stuttgart, Deutschland, im Land der Zielregion (Heidelberg), aber nicht in der Region selbst.;N;Keine belegte Mitarbeiterzahl (weder Recherche noch Website).;N;Kein Umsatz veröffentlicht und keine Mitarbeiterzahl zum Ableiten.;D;Keiner der Begriffe auf 8 gecrawlten Seiten gefunden.;C;Schwacher Beleg, nur Register (2) auf 8 Seiten.;C;Keiner der Begriffe auf 8 gecrawlten Seiten gefunden. Bauteil- oder Fachvokabular steht selten auf Firmenwebsites, daher kein Abzug bis D.;A;3 Begriffe mit 26 Fundstellen auf 8 Seiten: Ersatzteil (13), Wartung (10), Verfügbarkeit (3).;D;Keiner der Begriffe auf 8 gecrawlten Seiten gefunden.;B;2 Begriffe mit 3 Fundstellen: Innovation (2), Entwicklung (1).;B;1 Begriffe mit 9 Fundstellen: Lieferant (9).;D;Keiner der Begriffe auf 8 gecrawlten Seiten gefunden.
Gallus Ferd. Rüesch AG;https://www.gallus-group.com/de/index.jsp;C;54;Bedingter Fit;kein Ausschlusskriterium;5 von 12 Kriterien mit A, 3 mit D. Kernprodukt laut Recherche: Schmalbahn-Etikettendruckmaschinen, konventionell, hybrid und digital. Auf der Website 225 Fundstellen zu Kernbegriffen: Siebdruck (115), Etikettendruck (45), Druckwerk (24), Druckmaschine (16).;Hoch, recherchiert und Website geprüft, 100 Prozent der Kriterien belegt;9016 St. Gallen;Schweiz;Schmalbahn-Etikettendruckmaschinen, konventionell, hybrid und digital;300 (Recherche);60 (abgeleitet);Heidelberger Druckmaschinen AG;"Startliste; Websuche Etikettendruckmaschinen Hersteller";"Website: Gallus beschaeftigt rund 300 Mitarbeiter, 165 davon am Hauptsitz in St. Gallen; Portfolio digitaler, hybrider und konventioneller Etiketten- und Verpackungsdruck.";https://ch.linkedin.com/company/gallus-group;A;Kernprodukt laut Recherche: Schmalbahn-Etikettendruckmaschinen, konventionell, hybrid und digital. Auf der Website 225 Fundstellen zu Kernbegriffen: Siebdruck (115), Etikettendruck (45), Druckwerk (24), Druckmaschine (16).;C;Sitz 9016 St. Gallen, Schweiz, im deutschsprachigen Raum, Zielregion ist Heidelberg.;D;300 Mitarbeiter (Recherche, Gruppe: https://www.gallus-group.com/de/ueber-gallus/ueber-die-gallus-gruppe/index.jsp (2026)), deutlich unter dem ICP-Band 1.001 bis 10.000.;D;60 Mio. EUR (aus 300 Mitarbeitern abgeleitet (0,2 Mio. EUR je Kopf, Maschinenbau)), deutlich unter dem ICP-Band rund 2 Mrd. EUR.;B;1 Begriffe mit 6 Fundstellen: Präzision (6).;A;1 Begriffe mit 24 Fundstellen auf 8 Seiten: Druckwerk (24).;C;Keiner der Begriffe auf 8 gecrawlten Seiten gefunden. Bauteil- oder Fachvokabular steht selten auf Firmenwebsites, daher kein Abzug bis D.;A;4 Begriffe mit 8 Fundstellen auf 8 Seiten: Ersatzteil (2), Originalteil (2), Wartung (2), Verfügbarkeit (2).;A;2 Begriffe mit 27 Fundstellen auf 8 Seiten: m/min (15), Produktionsgeschwindigkeit (12).;A;3 Begriffe mit 5 Fundstellen auf 8 Seiten: Entwicklung (2), R&D (2), Innovation (1).;B;1 Begriffe mit 2 Fundstellen: Einkauf (2).;D;Keiner der Begriffe auf 8 gecrawlten Seiten gefunden.
Kolbus Group GmbH;https://kolbus.com/;C;54;Bedingter Fit;kein Ausschlusskriterium;4 von 12 Kriterien mit A, 3 mit D. Kernprodukt laut Recherche: Flexodruck-Rotationsstanzen fuer Wellpappe, Boxmaker, Buchdeckenmaschinen.;Hoch, recherchiert und Website geprüft, 100 Prozent der Kriterien belegt;32369 Rahden;Deutschland;Flexodruck-Rotationsstanzen fuer Wellpappe, Boxmaker, Buchdeckenmaschinen;340 (Recherche);60 (Recherche);Max Valier Holding;"Startliste; Websuche Wellpappe Druckmaschinen";Website kolbus.com: Wellpappe Flexodruck Rotationsstanze RD 115S (Servo) und RD 115G (Hybrid), Boxmaker BX Motion Pro.;https://www.linkedin.com/company/kolbus-gmbh-&-co.-kg;A;Kernprodukt laut Recherche: Flexodruck-Rotationsstanzen fuer Wellpappe, Boxmaker, Buchdeckenmaschinen.;B;Sitz 32369 Rahden, Deutschland, im Land der Zielregion (Heidelberg), aber nicht in der Region selbst.;D;340 Mitarbeiter (Recherche, Gesellschaft: https://de.wikipedia.org/wiki/Kolbus (Stand 2025)), deutlich unter dem ICP-Band 1.001 bis 10.000.;D;60 Mio. EUR (Recherche: https://de.wikipedia.org/wiki/Kolbus (GJ 2020)), deutlich unter dem ICP-Band rund 2 Mrd. EUR.;C;Schwacher Beleg, nur precision (2) auf 9 Seiten.;B;2 Begriffe mit 2 Fundstellen: Register (1), printing unit (1).;B;2 Begriffe mit 4 Fundstellen: servo drive (2), drive technology (2).;A;3 Begriffe mit 20 Fundstellen auf 9 Seiten: spare part (14), maintenance (4), service part (2).;D;Keiner der Begriffe auf 9 gecrawlten Seiten gefunden.;A;2 Begriffe mit 30 Fundstellen auf 9 Seiten: engineering (26), Innovation (4).;A;4 Begriffe mit 17 Fundstellen auf 9 Seiten: Procurement (13), Purchasing (2), Supplier (1), Supply Chain (1).;B;1 Begriffe mit 1 Fundstellen: quality assurance (1).
WILHELM BAHMÜLLER Maschinenbau Präzisionswerkzeuge GmbH;https://www.bahmueller.de/de;C;54;Bedingter Fit;kein Ausschlusskriterium;5 von 12 Kriterien mit A, 3 mit D. Randbereich der Zielbranche laut Recherche: Faltschachtel-Klebemaschinen fuer Wellpappe (Specialty Folder Gluer). Auf der Website 77 Fundstellen zu Kernbegriffen: Wellpappe (76), Flexodruck (1).;Hoch, recherchiert und Website geprüft, 100 Prozent der Kriterien belegt;73655 Plüderhausen;Deutschland;Faltschachtel-Klebemaschinen fuer Wellpappe (Specialty Folder Gluer);400 (Recherche);93 (Recherche);Familienbesitz;Websuche Wellpappe Verarbeitung Hersteller;"Website: Wellpappenverarbeitung, mit 80 Jahren Know-how entwickelt BAHMUELLER Premium-Loesungen (Faltschachtelklebemaschinen); Sitz Wilhelm-Bahmueller-Strasse 34, Pluederhausen.";https://de.linkedin.com/company/bahmueller;B;Randbereich der Zielbranche laut Recherche: Faltschachtel-Klebemaschinen fuer Wellpappe (Specialty Folder Gluer). Auf der Website 77 Fundstellen zu Kernbegriffen: Wellpappe (76), Flexodruck (1).;B;Sitz 73655 Plüderhausen, Deutschland, im Land der Zielregion (Heidelberg), aber nicht in der Region selbst.;D;400 Mitarbeiter (Recherche, Gruppe: https://www.bahmueller.de/de/unternehmen/profil (Stand 2022: rund 400 Mitarbeiter weltweit)), deutlich unter dem ICP-Band 1.001 bis 10.000.;D;93 Mio. EUR (Recherche: https://www.bahmueller.de/de/unternehmen/profil (Stand 2022: Jahresgesamtumsatz von rund 93 Mio. Euro)), deutlich unter dem ICP-Band rund 2 Mrd. EUR.;A;3 Begriffe mit 26 Fundstellen auf 9 Seiten: Präzision (13), präzise (10), precision (3).;B;2 Begriffe mit 3 Fundstellen: Register (2), Rotation (1).;C;Keiner der Begriffe auf 9 gecrawlten Seiten gefunden. Bauteil- oder Fachvokabular steht selten auf Firmenwebsites, daher kein Abzug bis D.;A;3 Begriffe mit 43 Fundstellen auf 9 Seiten: Wartung (21), Ersatzteil (20), Verfügbarkeit (2).;A;3 Begriffe mit 23 Fundstellen auf 9 Seiten: Großserie (12), Serienproduktion (9), Hochleistung (2).;A;3 Begriffe mit 49 Fundstellen auf 9 Seiten: Innovation (25), Konstruktion (18), Entwicklung (6).;A;4 Begriffe mit 21 Fundstellen auf 9 Seiten: Einkauf (9), Einkaufsbedingungen (9), Lieferant (2), Verhaltenskodex (1).;D;Keiner der Begriffe auf 9 gecrawlten Seiten gefunden.
Aeoon Technologies GmbH;https://aeoon.com/;C;53;Bedingter Fit;kein Ausschlusskriterium;2 von 12 Kriterien mit A, 3 mit D, 2 ohne Datenbasis. Kernprodukt laut Recherche: Industrielle Digitaldrucksysteme fuer Textilien (DTG). Auf der Website 7 Fundstellen zu Kernbegriffen: printing system (6), printing machine (1).;Mittel, nur Website, 73 Prozent der Kriterien belegt;6233 Kramsach;Österreich;Industrielle Digitaldrucksysteme fuer Textilien (DTG);k. A.;k. A.;;industrystock Textildruckmaschinen;"Website: aeoon develops and manufactures industrial digital printing systems for textile and specialty applications; gegruendet 2011 in Kramsach.";nicht auf der Website verlinkt;A;Kernprodukt laut Recherche: Industrielle Digitaldrucksysteme fuer Textilien (DTG). Auf der Website 7 Fundstellen zu Kernbegriffen: printing system (6), printing machine (1).;C;Sitz 6233 Kramsach, Österreich, im deutschsprachigen Raum, Zielregion ist Heidelberg.;N;Keine belegte Mitarbeiterzahl (weder Recherche noch Website).;N;Kein Umsatz veröffentlicht und keine Mitarbeiterzahl zum Ableiten.;C;Schwacher Beleg, nur precision (1) auf 5 Seiten.;B;2 Begriffe mit 3 Fundstellen: printing unit (2), Register (1).;C;Keiner der Begriffe auf 5 gecrawlten Seiten gefunden. Bauteil- oder Fachvokabular steht selten auf Firmenwebsites, daher kein Abzug bis D.;D;Keiner der Begriffe auf 5 gecrawlten Seiten gefunden.;D;Keiner der Begriffe auf 5 gecrawlten Seiten gefunden.;A;2 Begriffe mit 15 Fundstellen auf 5 Seiten: engineering (9), Innovation (6).;B;1 Begriffe mit 1 Fundstellen: Supply Chain (1).;D;Keiner der Begriffe auf 5 gecrawlten Seiten gefunden.
THIEME GmbH & Co. KG;https://www.thieme-products.com/de-de;C;53;Bedingter Fit;kein Ausschlusskriterium;4 von 12 Kriterien mit A, 2 mit D. Kernprodukt laut Recherche: Siebdruck- und Digitaldruckmaschinen fuer industrielle Anwendungen. Auf der Website 269 Fundstellen zu Kernbegriffen: Drucksystem (88), Druckmaschine (64), Siebdruck (54), Digitaldruck (47).;Hoch, recherchiert und Website geprüft, 100 Prozent der Kriterien belegt;79331 Teningen;Deutschland;Siebdruck- und Digitaldruckmaschinen fuer industrielle Anwendungen;350 (Recherche);70 (abgeleitet);Familienbesitz (Frank Thieme);"Startliste; Websuche Siebdruckmaschinen Hersteller";"Website: Hersteller von hochwertigen Siebdruck- und Digitaldruckmaschinen; Werke Rohrlache und Breitigen in Teningen.";https://de.linkedin.com/company/thieme-drucksysteme-kunststoffe;A;Kernprodukt laut Recherche: Siebdruck- und Digitaldruckmaschinen fuer industrielle Anwendungen. Auf der Website 269 Fundstellen zu Kernbegriffen: Drucksystem (88), Druckmaschine (64), Siebdruck (54), Digitaldruck (47).;B;Sitz 79331 Teningen, Deutschland, im Land der Zielregion (Heidelberg), aber nicht in der Region selbst.;D;350 Mitarbeiter (Recherche, Gruppe: https://www.thieme-products.com/de-de/unternehmen (2026: Ueber 350 Mitarbeiterinnen und Mitarbeiter an vier Standorten)), deutlich unter dem ICP-Band 1.001 bis 10.000.;D;70 Mio. EUR (aus 350 Mitarbeitern abgeleitet (0,2 Mio. EUR je Kopf, Maschinenbau)), deutlich unter dem ICP-Band rund 2 Mrd. EUR.;B;2 Begriffe mit 7 Fundstellen: präzise (6), Präzision (1).;B;2 Begriffe mit 8 Fundstellen: Rotation (5), Register (3).;C;Keiner der Begriffe auf 10 gecrawlten Seiten gefunden. Bauteil- oder Fachvokabular steht selten auf Firmenwebsites, daher kein Abzug bis D.;C;Schwacher Beleg, nur Wartung (1) auf 10 Seiten.;C;Schwacher Beleg, nur Hochleistung (1) auf 10 Seiten.;A;4 Begriffe mit 21 Fundstellen auf 10 Seiten: Entwicklung (14), Innovation (5), Konstruktion (1), R&D (1).;A;2 Begriffe mit 22 Fundstellen auf 10 Seiten: Zulieferer (12), Einkauf (10).;A;6 Begriffe mit 32 Fundstellen auf 10 Seiten: Qualitätsmanagement (22), zertifiziert (3), Zertifizierung (3), ISO 9001 (2).
Bograma AG;https://www.bograma.ch/;C;52;Bedingter Fit;kein Ausschlusskriterium;2 von 12 Kriterien mit A, 3 mit D, 2 ohne Datenbasis. Randbereich der Zielbranche laut Recherche: Rotative Stanzmaschinen fuer die Druckweiterverarbeitung.;Mittel, nur Website, 73 Prozent der Kriterien belegt;9606 Bütschwil;Schweiz;Rotative Stanzmaschinen fuer die Druckweiterverarbeitung;k. A.;k. A.;;Startliste;Website: Maschinenprogramm rotatives Stanzen BSR 550/750 mit Anlegern, Spielkarten- und Faltschachtelproduktionsanlagen.;https://www.linkedin.com/company/bograma-ag;B;Randbereich der Zielbranche laut Recherche: Rotative Stanzmaschinen fuer die Druckweiterverarbeitung.;C;Sitz 9606 Bütschwil, Schweiz, im deutschsprachigen Raum, Zielregion ist Heidelberg.;N;Keine belegte Mitarbeiterzahl (weder Recherche noch Website).;N;Kein Umsatz veröffentlicht und keine Mitarbeiterzahl zum Ableiten.;D;Keiner der Begriffe auf 6 gecrawlten Seiten gefunden.;A;3 Begriffe mit 13 Fundstellen auf 6 Seiten: Bogenanleger (6), Bogen (6), Register (1).;C;Keiner der Begriffe auf 6 gecrawlten Seiten gefunden. Bauteil- oder Fachvokabular steht selten auf Firmenwebsites, daher kein Abzug bis D.;B;1 Begriffe mit 6 Fundstellen: Ersatzteil (6).;D;Keiner der Begriffe auf 6 gecrawlten Seiten gefunden.;A;3 Begriffe mit 6 Fundstellen auf 6 Seiten: Entwicklung (2), Konstruktion (2), Konstrukteur (2).;B;1 Begriffe mit 4 Fundstellen: Einkauf (4).;D;Keiner der Begriffe auf 6 gecrawlten Seiten gefunden.
HELL Gravure Systems GmbH & Co. KG;https://www.hell-gravure-systems.com/;C;52;Bedingter Fit;kein Ausschlusskriterium;2 von 12 Kriterien mit A, 2 mit D, 2 ohne Datenbasis. Randbereich der Zielbranche laut Recherche: Graviersysteme und Laser fuer Tiefdruckzylinder (Druckvorstufe). Auf der Website 19 Fundstellen zu Kernbegriffen: Tiefdruck (17), Flexodruck (1), Verpackungsdruck (1).;Mittel, nur Website, 73 Prozent der Kriterien belegt;24222 Schwentinental;Deutschland;Graviersysteme und Laser fuer Tiefdruckzylinder (Druckvorstufe);k. A.;k. A.;Heliograph Holding GmbH;Websuche Tiefdruck Druckvorstufe;"Website/Impressum: HELL Gravure Systems GmbH & Co. KG, Dreikronen 1, 24222 Schwentinental; Graviersysteme fuer den Tiefdruck, Teil der Heliograph Holding.";https://www.linkedin.com/company/hell-gravure-systems;B;Randbereich der Zielbranche laut Recherche: Graviersysteme und Laser fuer Tiefdruckzylinder (Druckvorstufe). Auf der Website 19 Fundstellen zu Kernbegriffen: Tiefdruck (17), Flexodruck (1), Verpackungsdruck (1).;B;Sitz 24222 Schwentinental, Deutschland, im Land der Zielregion (Heidelberg), aber nicht in der Region selbst.;N;Keine belegte Mitarbeiterzahl (weder Recherche noch Website).;N;Kein Umsatz veröffentlicht und keine Mitarbeiterzahl zum Ableiten.;B;2 Begriffe mit 5 Fundstellen: Präzision (3), Toleranz (2).;C;Schwacher Beleg, nur Register (3) auf 6 Seiten.;C;Schwacher Beleg, nur Linearantrieb (3) auf 6 Seiten.;D;Keiner der Begriffe auf 6 gecrawlten Seiten gefunden.;C;Schwacher Beleg, nur Hochleistung (2) auf 6 Seiten.;A;3 Begriffe mit 16 Fundstellen auf 6 Seiten: Innovation (10), Entwicklung (5), Forschung und Entwicklung (1).;D;Keiner der Begriffe auf 6 gecrawlten Seiten gefunden.;A;2 Begriffe mit 16 Fundstellen auf 6 Seiten: certified (14), Qualitätskontrolle (2).
Weitmann & Konrad GmbH & Co. KG (WEKO);https://weko.net/de;C;51;Bedingter Fit;kein Ausschlusskriterium;2 von 12 Kriterien mit A, 3 mit D, 2 ohne Datenbasis. Randbereich der Zielbranche laut Recherche: Puderbestaeubungs- und Wiederbefeuchtungssysteme fuer Druckmaschinen. Auf der Website 26 Fundstellen zu Kernbegriffen: Offsetdruck (9), Flexodruck (9), Digitaldruck (8).;Mittel, nur Website, 73 Prozent der Kriterien belegt;70771 Leinfelden-Echterdingen;Deutschland;Puderbestaeubungs- und Wiederbefeuchtungssysteme fuer Druckmaschinen;k. A.;k. A.;;Startliste (Weko);Website weko.net: Branchen Druck (Digitaldruck, Offsetdruck, Flexodruck) mit Puderauftrag, Rueckfeuchten und Emulsionsauftrag.;https://www.linkedin.com/company/weko-weitmann-konrad;B;Randbereich der Zielbranche laut Recherche: Puderbestaeubungs- und Wiederbefeuchtungssysteme fuer Druckmaschinen. Auf der Website 26 Fundstellen zu Kernbegriffen: Offsetdruck (9), Flexodruck (9), Digitaldruck (8).;B;Sitz 70771 Leinfelden-Echterdingen, Deutschland, im Land der Zielregion (Heidelberg), aber nicht in der Region selbst.;N;Keine belegte Mitarbeiterzahl (weder Recherche noch Website).;N;Kein Umsatz veröffentlicht und keine Mitarbeiterzahl zum Ableiten.;C;Schwacher Beleg, nur präzise (1) auf 8 Seiten.;B;1 Begriffe mit 5 Fundstellen: Register (5).;C;Keiner der Begriffe auf 8 gecrawlten Seiten gefunden. Bauteil- oder Fachvokabular steht selten auf Firmenwebsites, daher kein Abzug bis D.;D;Keiner der Begriffe auf 8 gecrawlten Seiten gefunden.;D;Keiner der Begriffe auf 8 gecrawlten Seiten gefunden.;D;Keiner der Begriffe auf 8 gecrawlten Seiten gefunden.;A;3 Begriffe mit 3 Fundstellen auf 8 Seiten: Einkauf (1), Einkaufsbedingungen (1), Purchasing (1).;A;3 Begriffe mit 33 Fundstellen auf 8 Seiten: ISO 9001 (16), zertifiziert (16), quality management (1).
Koenig & Bauer (AT) GmbH;https://at.koenig-bauer.com/de/;D;50;Schlechter Fit;kein Ausschlusskriterium;2 von 12 Kriterien mit A, 4 mit D, 2 ohne Datenbasis. Kernprodukt laut Recherche: Wertpapierdruckmaschinen (Security), Bogenoffset-Komponenten. Auf der Website 11 Fundstellen zu Kernbegriffen: Bogenoffset (6), Druckmaschine (4), Drucksystem (1).;Mittel, nur Website, 73 Prozent der Kriterien belegt;2344 Maria Enzersdorf;Österreich;Wertpapierdruckmaschinen (Security), Bogenoffset-Komponenten;k. A.;k. A.;Koenig & Bauer AG;Websuche Druckmaschinen Hersteller Oesterreich;"Website at.koenig-bauer.com: Bereiche Security (Wertpapier) und Sheetfed (Bogenoffset); aeltestes Druckmaschinenbauunternehmen Oesterreichs.";https://www.linkedin.com/company/23394;A;Kernprodukt laut Recherche: Wertpapierdruckmaschinen (Security), Bogenoffset-Komponenten. Auf der Website 11 Fundstellen zu Kernbegriffen: Bogenoffset (6), Druckmaschine (4), Drucksystem (1).;C;Sitz 2344 Maria Enzersdorf, Österreich, im deutschsprachigen Raum, Zielregion ist Heidelberg.;N;Keine belegte Mitarbeiterzahl (weder Recherche noch Website).;N;Kein Umsatz veröffentlicht und keine Mitarbeiterzahl zum Ableiten.;D;Keiner der Begriffe auf 6 gecrawlten Seiten gefunden.;B;1 Begriffe mit 6 Fundstellen: Bogen (6).;C;Keiner der Begriffe auf 6 gecrawlten Seiten gefunden. Bauteil- oder Fachvokabular steht selten auf Firmenwebsites, daher kein Abzug bis D.;D;Keiner der Begriffe auf 6 gecrawlten Seiten gefunden.;D;Keiner der Begriffe auf 6 gecrawlten Seiten gefunden.;B;2 Begriffe mit 7 Fundstellen: Innovation (4), Entwicklung (3).;A;3 Begriffe mit 42 Fundstellen auf 6 Seiten: Einkauf (38), Lieferant (3), Einkaufsbedingungen (1).;D;Keiner der Begriffe auf 6 gecrawlten Seiten gefunden.
Koenig & Bauer Kammann GmbH;https://www.kammann.de/;D;50;Schlechter Fit;Insolvenz oder Liquidation laut Website;Ausschluss: Insolvenz oder Liquidation laut Website. Im Raster 3 mal A und 0 mal D.;Mittel, nur Website, 73 Prozent der Kriterien belegt;32584 Löhne;Deutschland;Direktdruckmaschinen fuer Hohlkoerper aus Glas und Kunststoff;k. A.;k. A.;Koenig & Bauer AG;"Startliste (Kammann Maschinenbau); industrystock";"Website kammann.de: Wir entwickeln und konstruieren Spezialmaschinen fuer verschiedene Druckverfahren (Container-, Etiketten-, technischer Druck); Sitz Weidehorst 80, 32584 Loehne.";https://www.linkedin.com/company/kammann-maschinenbau-gmbh;A;Kernprodukt laut Recherche: Direktdruckmaschinen fuer Hohlkoerper aus Glas und Kunststoff. Auf der Website 15 Fundstellen zu Kernbegriffen: Druckmaschine (5), Siebdruck (4), Druckwerk (4), Digitaldruck (1).;B;Sitz 32584 Löhne, Deutschland, im Land der Zielregion (Heidelberg), aber nicht in der Region selbst.;N;Keine belegte Mitarbeiterzahl (weder Recherche noch Website).;N;Kein Umsatz veröffentlicht und keine Mitarbeiterzahl zum Ableiten.;B;2 Begriffe mit 5 Fundstellen: Passer (4), Präzision (1).;B;2 Begriffe mit 5 Fundstellen: Druckwerk (4), Register (1).;C;Keiner der Begriffe auf 9 gecrawlten Seiten gefunden. Bauteil- oder Fachvokabular steht selten auf Firmenwebsites, daher kein Abzug bis D.;A;4 Begriffe mit 9 Fundstellen auf 9 Seiten: Wartung (4), Ersatzteil (3), Lebensdauer (1), Verfügbarkeit (1).;C;Schwacher Beleg, nur Hochleistung (1) auf 9 Seiten.;B;2 Begriffe mit 4 Fundstellen: Innovation (3), Konstruktion (1).;A;4 Begriffe mit 43 Fundstellen auf 9 Seiten: Einkauf (15), Einkaufsbedingungen (14), Lieferant (12), Beschaffung (2).;B;1 Begriffe mit 1 Fundstellen: Dokumentation (1).
manroland sheetfed GmbH;https://www.manrolandsheetfed.com/;D;50;Schlechter Fit;"Status insolvent: Schutzschirmverfahren ab 03.03.2026; Produktion zum 01.06.2026 eingestellt, ca. 660 Beschaeftigte en";"Ausschluss: Status insolvent: Schutzschirmverfahren ab 03.03.2026; Produktion zum 01.06.2026 eingestellt, ca. 660 Beschaeftigte en. Im Raster 4 mal A und 1 mal D. Hinweis: Schutzschirmverfahren ab 03.03.2026; Produktion zum 01.06.2026 eingestellt, ca. 660 Beschaeftigte entlassen; Service- und Ersatzteilgeschaeft im Juni 2026 an Heidelberger Druckmaschinen verkauft";Hoch, recherchiert und Website geprüft, 100 Prozent der Kriterien belegt;63075 Offenbach am Main;Deutschland;Bogenoffsetdruckmaschinen (Roland 700 Evolution);660 (Recherche);132 (abgeleitet);Langley Holdings plc;"Wikipedia Kategorie Druckmaschinenhersteller; Startliste";"Wikipedia/Langley Holdings: Hersteller von Bogenoffsetdruckmaschinen in Offenbach; Insolvenz Maerz 2026, Betriebseinstellung Juni 2026.";https://www.linkedin.com/company/manroland;A;Kernprodukt laut Recherche: Bogenoffsetdruckmaschinen (Roland 700 Evolution). Auf der Website 9 Fundstellen zu Kernbegriffen: printing press (4), printing system (4), Druckmaschine (1).;B;Sitz 63075 Offenbach am Main, Deutschland, im Land der Zielregion (Heidelberg), aber nicht in der Region selbst.;C;660 Mitarbeiter (Recherche, Gesellschaft: https://www.printmonthly.co.uk/news/manroland-sheetfed-enters-insolvency-proceedings/ (2026)), unter dem ICP-Band 1.001 bis 10.000.;D;132 Mio. EUR (aus 660 Mitarbeitern abgeleitet (0,2 Mio. EUR je Kopf, Maschinenbau)), deutlich unter dem ICP-Band rund 2 Mrd. EUR.;B;2 Begriffe mit 7 Fundstellen: precision (5), tolerance (2).;B;2 Begriffe mit 5 Fundstellen: Register (4), printing unit (1).;C;Keiner der Begriffe auf 8 gecrawlten Seiten gefunden. Bauteil- oder Fachvokabular steht selten auf Firmenwebsites, daher kein Abzug bis D.;A;4 Begriffe mit 14 Fundstellen auf 8 Seiten: spare part (7), maintenance (4), service part (2), Retrofit (1).;C;Schwacher Beleg, nur high-speed (2) auf 8 Seiten.;A;4 Begriffe mit 16 Fundstellen auf 8 Seiten: engineering (8), Innovation (5), research and development (2), R&D (1).;B;1 Begriffe mit 1 Fundstellen: Supply Chain (1).;A;2 Begriffe mit 2 Fundstellen auf 8 Seiten: ISO 9001 (1), certified (1).
MB Bäuerle GmbH i.L.;https://www.mb-bauerle.de/;D;50;Schlechter Fit;Status insolvent: Geschaeftsbetrieb im Rahmen der Insolvenzverfahren dauerhaft eingestellt (Website-Mitteilung, abgeru;Ausschluss: Status insolvent: Geschaeftsbetrieb im Rahmen der Insolvenzverfahren dauerhaft eingestellt (Website-Mitteilung, abgeru. Im Raster 0 mal A und 0 mal D. Hinweis: Geschaeftsbetrieb im Rahmen der Insolvenzverfahren dauerhaft eingestellt (Website-Mitteilung, abgerufen 2026-08);Niedrig, nur wenige Seiten, 30 Prozent der Kriterien belegt;78112 St. Georgen;Deutschland;Falz- und Kuvertiersysteme, Mailinganlagen;k. A.;k. A.;;Websuche Druckweiterverarbeitung Hersteller;Website: Die MB Baeuerle GmbH und die MB-TecSolutions GmbH haben ihren Geschaeftsbetrieb im Rahmen der Insolvenzverfahren dauerhaft eingestellt.;nicht auf der Website verlinkt;B;Randbereich der Zielbranche laut Recherche: Falz- und Kuvertiersysteme, Mailinganlagen.;B;Sitz 78112 St. Georgen, Deutschland, im Land der Zielregion (Heidelberg), aber nicht in der Region selbst.;N;Keine belegte Mitarbeiterzahl (weder Recherche noch Website).;N;Kein Umsatz veröffentlicht und keine Mitarbeiterzahl zum Ableiten.;N;Kein Treffer, aber nur 1 Seite(n) abrufbar. Nicht belegbar.;N;Kein Treffer, aber nur 1 Seite(n) abrufbar. Nicht belegbar.;N;Kein Treffer, aber nur 1 Seite(n) abrufbar. Nicht belegbar.;B;2 Begriffe mit 4 Fundstellen: Ersatzteil (2), spare part (2).;N;Kein Treffer, aber nur 1 Seite(n) abrufbar. Nicht belegbar.;N;Kein Treffer, aber nur 1 Seite(n) abrufbar. Nicht belegbar.;N;Kein Treffer, aber nur 1 Seite(n) abrufbar. Nicht belegbar.;N;Kein Treffer, aber nur 1 Seite(n) abrufbar. Nicht belegbar.
Bluhm Systeme GmbH;https://www.bluhmsysteme.com/;D;49;Schlechter Fit;kein Ausschlusskriterium;2 von 12 Kriterien mit A, 1 mit D. Randbereich der Zielbranche laut Recherche: Etikettier-, Codier- und Direktdrucksysteme (Inkjet, Laser). Auf der Website 143 Fundstellen zu Kernbegriffen: Inkjet (83), Etikettendruck (56), Digitaldruck (2), Siebdruck (2).;Hoch, recherchiert und Website geprüft, 100 Prozent der Kriterien belegt;53619 Rheinbreitbach;Deutschland;Etikettier-, Codier- und Direktdrucksysteme (Inkjet, Laser);600 (Recherche);200 (Recherche);;Websuche industrielle Inkjet Drucksysteme;"Website: fuehrender Komplettanbieter fuer Etikettier- und Codierloesungen; Produktbereiche Etikettierung, Direktdruck, Laser.";https://www.linkedin.com/company/bluhm-systeme-gmbh;B;Randbereich der Zielbranche laut Recherche: Etikettier-, Codier- und Direktdrucksysteme (Inkjet, Laser). Auf der Website 143 Fundstellen zu Kernbegriffen: Inkjet (83), Etikettendruck (56), Digitaldruck (2), Siebdruck (2).;B;Sitz 53619 Rheinbreitbach, Deutschland, im Land der Zielregion (Heidelberg), aber nicht in der Region selbst.;C;600 Mitarbeiter (Recherche, Gruppe: https://www.bluhmsysteme.com/unternehmen/ueber-uns/wer-wir-sind/ (2026: 600+ Mitarbeitende)), unter dem ICP-Band 1.001 bis 10.000.;D;200 Mio. EUR (Recherche: https://www.bluhmsysteme.com/unternehmen/ueber-uns/wer-wir-sind/ (2026: 200 Mio. + Jahresumsatz in Euro)), deutlich unter dem ICP-Band rund 2 Mrd. EUR.;B;2 Begriffe mit 4 Fundstellen: Präzision (3), präzise (1).;C;Schwacher Beleg, nur Register (1) auf 9 Seiten.;C;Keiner der Begriffe auf 9 gecrawlten Seiten gefunden. Bauteil- oder Fachvokabular steht selten auf Firmenwebsites, daher kein Abzug bis D.;A;3 Begriffe mit 3 Fundstellen auf 9 Seiten: Verschleißteil (1), Instandhaltung (1), Verfügbarkeit (1).;C;Schwacher Beleg, nur Hochleistung (1) auf 9 Seiten.;C;Schwacher Beleg, nur Innovation (1) auf 9 Seiten.;B;1 Begriffe mit 1 Fundstellen: Lieferant (1).;A;2 Begriffe mit 20 Fundstellen auf 9 Seiten: Zertifizierung (18), zertifiziert (2).
BST GmbH;https://www.bst.elexis.group/de/;D;48;Schlechter Fit;kein Ausschlusskriterium;4 von 12 Kriterien mit A, 4 mit D. Randbereich der Zielbranche laut Recherche: Bahnlaufregelung, 100%-Inspektion und Registerregelung fuer den Druck. Auf der Website 10 Fundstellen zu Kernbegriffen: Etikettendruck (9), Offsetdruck (1).;Hoch, recherchiert und Website geprüft, 100 Prozent der Kriterien belegt;33719 Bielefeld;Deutschland;Bahnlaufregelung, 100%-Inspektion und Registerregelung fuer den Druck;300 (Recherche);60 (abgeleitet);elexis AG;industrystock Druckmaschinen (BST eltromat);"Website bst.elexis.group: Loesungen Bahnlaufregelungen, Inspektion fuer Druck & Verpackung; vormals BST eltromat International.";https://www.linkedin.com/company/bst-eltromat-international-gmbh;B;Randbereich der Zielbranche laut Recherche: Bahnlaufregelung, 100%-Inspektion und Registerregelung fuer den Druck. Auf der Website 10 Fundstellen zu Kernbegriffen: Etikettendruck (9), Offsetdruck (1).;B;Sitz 33719 Bielefeld, Deutschland, im Land der Zielregion (Heidelberg), aber nicht in der Region selbst.;D;300 Mitarbeiter (Recherche, Gesellschaft: https://www.bst.elexis.group/de/unternehmen (2026: Mitarbeitende > 300, Hauptsitz Bielefeld)), deutlich unter dem ICP-Band 1.001 bis 10.000.;D;60 Mio. EUR (aus 300 Mitarbeitern abgeleitet (0,2 Mio. EUR je Kopf, Maschinenbau)), deutlich unter dem ICP-Band rund 2 Mrd. EUR.;A;3 Begriffe mit 11 Fundstellen auf 7 Seiten: präzise (7), Präzision (3), Registergenauigkeit (1).;A;4 Begriffe mit 51 Fundstellen auf 7 Seiten: Bahnlauf (29), Register (14), web guid (7), Bahnführung (1).;C;Keiner der Begriffe auf 7 gecrawlten Seiten gefunden. Bauteil- oder Fachvokabular steht selten auf Firmenwebsites, daher kein Abzug bis D.;A;3 Begriffe mit 19 Fundstellen auf 7 Seiten: Wartung (10), Ersatzteil (8), Originalteil (1).;D;Keiner der Begriffe auf 7 gecrawlten Seiten gefunden.;B;2 Begriffe mit 4 Fundstellen: Entwicklung (2), Innovation (2).;D;Keiner der Begriffe auf 7 gecrawlten Seiten gefunden.;A;2 Begriffe mit 8 Fundstellen auf 7 Seiten: Qualitätssicherung (7), Qualitätskontrolle (1).
ISIMAT GmbH Siebdruckmaschinen;https://www.isimat.com/;D;48;Schlechter Fit;kein Ausschlusskriterium;5 von 12 Kriterien mit A, 5 mit D. Kernprodukt laut Recherche: Sieb- und Hybriddruckmaschinen fuer Tuben, Glaeser, Kunststoffartikel. Auf der Website 29 Fundstellen zu Kernbegriffen: Druckmaschine (17), Siebdruck (9), Flexodruck (1), Digitaldruck (1).;Hoch, recherchiert und Website geprüft, 100 Prozent der Kriterien belegt;73479 Ellwangen;Deutschland;Sieb- und Hybriddruckmaschinen fuer Tuben, Glaeser, Kunststoffartikel;80 (Recherche);16 (abgeleitet);Leonhard Kurz Stiftung & Co. KG (KURZ-Gruppe);"Startliste; Websuche Siebdruckmaschinen Hersteller";"Website: Druckmaschinen zur Bedruckung von Tuben, Glaesern und Kunststoff-Artikeln; seit rund zwei Jahren Tochter der KURZ-Gruppe.";https://de.linkedin.com/company/isimat-gmbh-siebdruckmaschinen;A;Kernprodukt laut Recherche: Sieb- und Hybriddruckmaschinen fuer Tuben, Glaeser, Kunststoffartikel. Auf der Website 29 Fundstellen zu Kernbegriffen: Druckmaschine (17), Siebdruck (9), Flexodruck (1), Digitaldruck (1).;B;Sitz 73479 Ellwangen, Deutschland, im Land der Zielregion (Heidelberg), aber nicht in der Region selbst.;D;80 Mitarbeiter (Recherche, Gesellschaft: https://www.isimat.com/ (2026: rund 80 Beschaeftigte)), deutlich unter dem ICP-Band 1.001 bis 10.000.;D;16 Mio. EUR (aus 80 Mitarbeitern abgeleitet (0,2 Mio. EUR je Kopf, Maschinenbau)), deutlich unter dem ICP-Band rund 2 Mrd. EUR.;D;Keiner der Begriffe auf 8 gecrawlten Seiten gefunden.;D;Keiner der Begriffe auf 8 gecrawlten Seiten gefunden.;A;3 Begriffe mit 3 Fundstellen auf 8 Seiten: Spindel (1), Linearachse (1), Antriebstechnik (1).;A;3 Begriffe mit 10 Fundstellen auf 8 Seiten: Wartung (8), Ersatzteil (1), Standzeit (1).;C;Schwacher Beleg, nur Hochleistung (2) auf 8 Seiten.;A;3 Begriffe mit 15 Fundstellen auf 8 Seiten: Innovation (9), Entwicklung (5), Patent (1).;A;4 Begriffe mit 37 Fundstellen auf 8 Seiten: Einkauf (26), Einkaufsbedingungen (7), Lieferant (3), Purchasing (1).;D;Keiner der Begriffe auf 8 gecrawlten Seiten gefunden.
Krug & Priester GmbH & Co. KG;https://www.krug-priester.com/de/;D;48;Schlechter Fit;kein Ausschlusskriterium;2 von 12 Kriterien mit A, 4 mit D, 2 ohne Datenbasis. Randbereich der Zielbranche laut Recherche: Stapelschneidemaschinen (IDEAL) und Aktenvernichter.;Mittel, nur Website, 73 Prozent der Kriterien belegt;72336 Balingen;Deutschland;Stapelschneidemaschinen (IDEAL) und Aktenvernichter;k. A.;k. A.;Familienbesitz;Websuche Schneidemaschinen Hersteller;Website krug-priester.com: Hersteller der Marken IDEAL und EBA (Schneidemaschinen, Aktenvernichter) mit Sitz in Balingen.;https://www.linkedin.com/company/krug-priester;B;Randbereich der Zielbranche laut Recherche: Stapelschneidemaschinen (IDEAL) und Aktenvernichter.;B;Sitz 72336 Balingen, Deutschland, im Land der Zielregion (Heidelberg), aber nicht in der Region selbst.;N;Keine belegte Mitarbeiterzahl (weder Recherche noch Website).;N;Kein Umsatz veröffentlicht und keine Mitarbeiterzahl zum Ableiten.;D;Keiner der Begriffe auf 7 gecrawlten Seiten gefunden.;B;2 Begriffe mit 6 Fundstellen: Register (5), Bogen (1).;C;Keiner der Begriffe auf 7 gecrawlten Seiten gefunden. Bauteil- oder Fachvokabular steht selten auf Firmenwebsites, daher kein Abzug bis D.;D;Keiner der Begriffe auf 7 gecrawlten Seiten gefunden.;D;Keiner der Begriffe auf 7 gecrawlten Seiten gefunden.;D;Keiner der Begriffe auf 7 gecrawlten Seiten gefunden.;A;2 Begriffe mit 2 Fundstellen auf 7 Seiten: Einkauf (1), Einkaufsbedingungen (1).;A;4 Begriffe mit 7 Fundstellen auf 7 Seiten: zertifiziert (3), ISO 9001 (2), Qualitätsmanagement (1), quality management (1).
microPrint LC GmbH;https://www.microprint.ch/de/;D;48;Schlechter Fit;kein Ausschlusskriterium;1 von 12 Kriterien mit A, 2 mit D, 2 ohne Datenbasis. Kernprodukt laut Recherche: Tampondruckmaschinen und Automationsanlagen. Auf der Website 104 Fundstellen zu Kernbegriffen: Tampondruck (78), Druckmaschine (26).;Mittel, nur Website, 73 Prozent der Kriterien belegt;8207 Schaffhausen;Schweiz;Tampondruckmaschinen und Automationsanlagen;k. A.;k. A.;;Websuche Tampondruckmaschinen Hersteller;"Website: Seit 1995 entwickelt und produziert microPrint Tampondruckmaschinen in der Schweiz; kundenspezifische Maschinen und Automationen.";https://www.linkedin.com/company/8824098;A;Kernprodukt laut Recherche: Tampondruckmaschinen und Automationsanlagen. Auf der Website 104 Fundstellen zu Kernbegriffen: Tampondruck (78), Druckmaschine (26).;C;Sitz 8207 Schaffhausen, Schweiz, im deutschsprachigen Raum, Zielregion ist Heidelberg.;N;Keine belegte Mitarbeiterzahl (weder Recherche noch Website).;N;Kein Umsatz veröffentlicht und keine Mitarbeiterzahl zum Ableiten.;B;2 Begriffe mit 4 Fundstellen: präzise (3), Genauigkeit (1).;C;Schwacher Beleg, nur Register (2) auf 6 Seiten.;C;Keiner der Begriffe auf 6 gecrawlten Seiten gefunden. Bauteil- oder Fachvokabular steht selten auf Firmenwebsites, daher kein Abzug bis D.;C;Schwacher Beleg, nur Lebensdauer (1) auf 6 Seiten.;D;Keiner der Begriffe auf 6 gecrawlten Seiten gefunden.;C;Schwacher Beleg, nur Innovation (1) auf 6 Seiten.;D;Keiner der Begriffe auf 6 gecrawlten Seiten gefunden.;B;1 Begriffe mit 1 Fundstellen: Qualitätskontrolle (1).
BOWE SYSTEC GmbH;https://bowe.com/en/;D;47;Schlechter Fit;kein Ausschlusskriterium;2 von 12 Kriterien mit A, 4 mit D. Randbereich der Zielbranche laut Recherche: Kuvertiersysteme, Dokumenten- und Kartenverarbeitung.;Mittel, nur Website, 100 Prozent der Kriterien belegt;86161 Augsburg;Deutschland;Kuvertiersysteme, Dokumenten- und Kartenverarbeitung;1.000 (Website);200 (abgeleitet);L. Possehl & Co. mbH (BOWE GROUP);Startliste (Boewe Systec);"Website bowe.com: BOWE SYSTEC Loesungen fuer Dokumentenverarbeitung und Kartenlogistik; seit 2010 zu 100 % Teil der Possehl-Unternehmensgruppe.";http://linkedin.com/company/bowe-systec;B;Randbereich der Zielbranche laut Recherche: Kuvertiersysteme, Dokumenten- und Kartenverarbeitung.;B;Sitz 86161 Augsburg, Deutschland, im Land der Zielregion (Heidelberg), aber nicht in der Region selbst.;B;1.000 Mitarbeiter (Eigendarstellung auf der Website), knapp unter dem ICP-Band 1.001 bis 10.000.;D;200 Mio. EUR (aus 1.000 Mitarbeitern abgeleitet (0,2 Mio. EUR je Kopf, Maschinenbau)), deutlich unter dem ICP-Band rund 2 Mrd. EUR.;D;Keiner der Begriffe auf 6 gecrawlten Seiten gefunden.;C;Schwacher Beleg, nur printing unit (1) auf 6 Seiten.;C;Keiner der Begriffe auf 6 gecrawlten Seiten gefunden. Bauteil- oder Fachvokabular steht selten auf Firmenwebsites, daher kein Abzug bis D.;D;Keiner der Begriffe auf 6 gecrawlten Seiten gefunden.;D;Keiner der Begriffe auf 6 gecrawlten Seiten gefunden.;A;5 Begriffe mit 11 Fundstellen auf 6 Seiten: Innovation (6), R&D (2), Entwicklung (1), F&E (1).;A;5 Begriffe mit 10 Fundstellen auf 6 Seiten: Einkauf (3), Einkaufsbedingungen (3), Supply Chain (2), Supplier (1).;B;1 Begriffe mit 1 Fundstellen: Zertifizierung (1).
GUK Falzmaschinen Griesser & Kunzmann GmbH & Co. KG;https://guk-falzmaschinen.com/;D;47;Schlechter Fit;kein Ausschlusskriterium;3 von 12 Kriterien mit A, 3 mit D. Randbereich der Zielbranche laut Recherche: Taschenfalzmaschinen, Outsert-Systeme, Pharmafalzmaschinen.;Hoch, recherchiert und Website geprüft, 100 Prozent der Kriterien belegt;78669 Wellendingen;Deutschland;Taschenfalzmaschinen, Outsert-Systeme, Pharmafalzmaschinen;220 (Recherche);35 (Website);Familienbesitz;Websuche Druckweiterverarbeitung Hersteller;"Website: GUK, familiengefuehrter Weltmarktfuehrer und Hersteller von Maschinen, die bedruckte Papierboegen maschinell falten; seit 1948.";https://www.linkedin.com/company/guk-falzmaschinen;B;Randbereich der Zielbranche laut Recherche: Taschenfalzmaschinen, Outsert-Systeme, Pharmafalzmaschinen.;B;Sitz 78669 Wellendingen, Deutschland, im Land der Zielregion (Heidelberg), aber nicht in der Region selbst.;D;220 Mitarbeiter (Recherche, Gruppe: https://guk-falzmaschinen.com/unternehmen (2026: Im Falzmaschinenbau und der Drehtechnik beschaeftigen wir heute mehr als 220 Mitarbeiter)), deutlich unter dem ICP-Band 1.001 bis 10.000.;D;35 Mio. EUR (Eigendarstellung auf der Website), deutlich unter dem ICP-Band rund 2 Mrd. EUR.;C;Schwacher Beleg, nur präzise (3) auf 9 Seiten.;A;3 Begriffe mit 13 Fundstellen auf 9 Seiten: Anleger (9), Register (3), Bogen (1).;C;Keiner der Begriffe auf 9 gecrawlten Seiten gefunden. Bauteil- oder Fachvokabular steht selten auf Firmenwebsites, daher kein Abzug bis D.;A;3 Begriffe mit 19 Fundstellen auf 9 Seiten: Ersatzteil (10), Wartung (5), Verfügbarkeit (4).;B;2 Begriffe mit 4 Fundstellen: Hochleistung (2), Serienfertigung (2).;A;4 Begriffe mit 7 Fundstellen auf 9 Seiten: Entwicklung (3), Innovation (2), Konstruktion (1), engineering (1).;D;Keiner der Begriffe auf 9 gecrawlten Seiten gefunden.;B;1 Begriffe mit 1 Fundstellen: zertifiziert (1).
RIMA-SYSTEM GmbH;https://www.rima-system.com/;D;47;Schlechter Fit;kein Ausschlusskriterium;1 von 12 Kriterien mit A, 4 mit D, 2 ohne Datenbasis. Randbereich der Zielbranche laut Recherche: Postpress-Foerdertechnik, Rotationsschneider, Stapel- und Palettiersysteme. Auf der Website 4 Fundstellen zu Kernbegriffen: printing press (4).;Mittel, nur Website, 73 Prozent der Kriterien belegt;40589 Düsseldorf;Deutschland;Postpress-Foerdertechnik, Rotationsschneider, Stapel- und Palettiersysteme;k. A.;k. A.;Familienbesitz;industrystock Druckmaschinenbau;"Website: Produkte Foerdersysteme, Rotationsschneider, Kreuzleger, Palettier-Roboter; world leader in automatic complete systems.";http://linkedin.com/company/system-gruppe;B;Randbereich der Zielbranche laut Recherche: Postpress-Foerdertechnik, Rotationsschneider, Stapel- und Palettiersysteme. Auf der Website 4 Fundstellen zu Kernbegriffen: printing press (4).;B;Sitz 40589 Düsseldorf, Deutschland, im Land der Zielregion (Heidelberg), aber nicht in der Region selbst.;N;Keine belegte Mitarbeiterzahl (weder Recherche noch Website).;N;Kein Umsatz veröffentlicht und keine Mitarbeiterzahl zum Ableiten.;D;Keiner der Begriffe auf 6 gecrawlten Seiten gefunden.;B;2 Begriffe mit 6 Fundstellen: Rotation (4), Register (2).;C;Keiner der Begriffe auf 6 gecrawlten Seiten gefunden. Bauteil- oder Fachvokabular steht selten auf Firmenwebsites, daher kein Abzug bis D.;A;5 Begriffe mit 68 Fundstellen auf 6 Seiten: maintenance (24), spare part (20), Retrofit (12), Wartung (8).;D;Keiner der Begriffe auf 6 gecrawlten Seiten gefunden.;B;1 Begriffe mit 8 Fundstellen: Innovation (8).;D;Keiner der Begriffe auf 6 gecrawlten Seiten gefunden.;D;Keiner der Begriffe auf 6 gecrawlten Seiten gefunden.
swissQprint AG;https://www.swissqprint.com/de/de/;D;47;Schlechter Fit;kein Ausschlusskriterium;4 von 12 Kriterien mit A, 2 mit D. Kernprodukt laut Recherche: Grossformat-UV-LED-Flachbett- und Rollendrucker. Auf der Website 9 Fundstellen zu Kernbegriffen: Digitaldruck (4), Druckmaschine (2), Inkjet (2), Drucksystem (1).;Hoch, recherchiert und Website geprüft, 100 Prozent der Kriterien belegt;9451 Kriessern;Schweiz;Grossformat-UV-LED-Flachbett- und Rollendrucker;220 (Recherche);44 (abgeleitet);;Websuche Digitaldruckmaschinen Hersteller Schweiz;"Website: We develop and build large-format UV-LED printers with passion, 100% made in Switzerland; Sitz Schuetzenwiese 8, Kriessern.";https://ch.linkedin.com/company/swissqprint;A;Kernprodukt laut Recherche: Grossformat-UV-LED-Flachbett- und Rollendrucker. Auf der Website 9 Fundstellen zu Kernbegriffen: Digitaldruck (4), Druckmaschine (2), Inkjet (2), Drucksystem (1).;C;Sitz 9451 Kriessern, Schweiz, im deutschsprachigen Raum, Zielregion ist Heidelberg.;D;220 Mitarbeiter (Recherche, Gesellschaft: https://www.swissqprint.com/ch/de/unternehmen/ (2026: 220 Mitarbeitende engagieren sich taeglich fuer Sie)), deutlich unter dem ICP-Band 1.001 bis 10.000.;D;44 Mio. EUR (aus 220 Mitarbeitern abgeleitet (0,2 Mio. EUR je Kopf, Maschinenbau)), deutlich unter dem ICP-Band rund 2 Mrd. EUR.;C;Schwacher Beleg, nur präzise (1) auf 9 Seiten.;C;Schwacher Beleg, nur Register (1) auf 9 Seiten.;C;Keiner der Begriffe auf 9 gecrawlten Seiten gefunden. Bauteil- oder Fachvokabular steht selten auf Firmenwebsites, daher kein Abzug bis D.;C;Schwacher Beleg, nur Lebensdauer (1) auf 9 Seiten.;A;2 Begriffe mit 12 Fundstellen auf 9 Seiten: Druckgeschwindigkeit (11), Durchsatz (1).;A;3 Begriffe mit 8 Fundstellen auf 9 Seiten: Entwicklung (5), Innovation (2), Forschung und Entwicklung (1).;B;1 Begriffe mit 2 Fundstellen: Lieferant (2).;A;2 Begriffe mit 7 Fundstellen auf 9 Seiten: zertifiziert (4), Zertifizierung (3).
Winkler+Dünnebier GmbH (BW Converting GmbH);https://www.bwconverting.com/brand/w-d/;D;47;Schlechter Fit;kein Ausschlusskriterium;3 von 12 Kriterien mit A, 4 mit D. Randbereich der Zielbranche laut Recherche: Kuvertier- und Briefumschlagmaschinen mit Druckwerken.;Hoch, recherchiert und Website geprüft, 100 Prozent der Kriterien belegt;56564 Neuwied;Deutschland;Kuvertier- und Briefumschlagmaschinen mit Druckwerken;500 (Recherche);100 (abgeleitet);Barry-Wehmiller (BW Converting, USA);VDMA Mitgliederverzeichnis (BW Converting GmbH, Neuwied);"Wikipedia: Winkler+Duennebier ist ein Maschinen- und Anlagenbauunternehmen in Neuwied; Briefumschlag- und Kuvertiermaschinen mit integrierten Druckwerken.";https://www.linkedin.com/company/bw-converting;B;Randbereich der Zielbranche laut Recherche: Kuvertier- und Briefumschlagmaschinen mit Druckwerken.;B;Sitz 56564 Neuwied, Deutschland, im Land der Zielregion (Heidelberg), aber nicht in der Region selbst.;C;500 Mitarbeiter (Recherche, Gruppe: https://de.wikipedia.org/wiki/Winkler%2BD%C3%BCnnebier (Stand 23.02.2026: 500 Mitarbeiter W+D-Gruppe)), unter dem ICP-Band 1.001 bis 10.000.;D;100 Mio. EUR (aus 500 Mitarbeitern abgeleitet (0,2 Mio. EUR je Kopf, Maschinenbau)), deutlich unter dem ICP-Band rund 2 Mrd. EUR.;A;3 Begriffe mit 5 Fundstellen auf 6 Seiten: precision (2), tolerance (2), accuracy (1).;A;3 Begriffe mit 33 Fundstellen auf 6 Seiten: Register (29), printing unit (3), Rotation (1).;C;Keiner der Begriffe auf 6 gecrawlten Seiten gefunden. Bauteil- oder Fachvokabular steht selten auf Firmenwebsites, daher kein Abzug bis D.;D;Keiner der Begriffe auf 6 gecrawlten Seiten gefunden.;C;Schwacher Beleg, nur high-speed (2) auf 6 Seiten.;A;2 Begriffe mit 25 Fundstellen auf 6 Seiten: Innovation (24), engineering (1).;D;Keiner der Begriffe auf 6 gecrawlten Seiten gefunden.;D;Keiner der Begriffe auf 6 gecrawlten Seiten gefunden.
Wohlenberg Buchbindesysteme GmbH;https://www.wohlenberg.com/de/;D;47;Schlechter Fit;kein Ausschlusskriterium;1 von 12 Kriterien mit A, 4 mit D, 2 ohne Datenbasis. Randbereich der Zielbranche laut Recherche: Zusammentragmaschinen, Klebebinder, Dreischneider.;Mittel, nur Website, 73 Prozent der Kriterien belegt;27283 Verden;Deutschland;Zusammentragmaschinen, Klebebinder, Dreischneider;k. A.;k. A.;Baumann Gruppe;Startliste;"Website: Am Standort Verden werden Zusammentragmaschinen, Klebebinder, Dreischneider sowie Spezialmaschinen entwickelt und produziert; Teil der Baumann Gruppe.";nicht auf der Website verlinkt;B;Randbereich der Zielbranche laut Recherche: Zusammentragmaschinen, Klebebinder, Dreischneider.;B;Sitz 27283 Verden, Deutschland, im Land der Zielregion (Heidelberg), aber nicht in der Region selbst.;N;Keine belegte Mitarbeiterzahl (weder Recherche noch Website).;N;Kein Umsatz veröffentlicht und keine Mitarbeiterzahl zum Ableiten.;D;Keiner der Begriffe auf 5 gecrawlten Seiten gefunden.;B;2 Begriffe mit 5 Fundstellen: Register (4), Bogen (1).;C;Keiner der Begriffe auf 5 gecrawlten Seiten gefunden. Bauteil- oder Fachvokabular steht selten auf Firmenwebsites, daher kein Abzug bis D.;A;3 Begriffe mit 23 Fundstellen auf 5 Seiten: Ersatzteil (18), Wartung (3), Verfügbarkeit (2).;D;Keiner der Begriffe auf 5 gecrawlten Seiten gefunden.;B;2 Begriffe mit 3 Fundstellen: Entwicklung (2), Patent (1).;D;Keiner der Begriffe auf 5 gecrawlten Seiten gefunden.;D;Keiner der Begriffe auf 5 gecrawlten Seiten gefunden.
Baumer hhs GmbH;https://www.baumerhhs.com/;D;45;Schlechter Fit;kein Ausschlusskriterium;2 von 12 Kriterien mit A, 3 mit D. Randbereich der Zielbranche laut Recherche: Klebstoffauftrags- und Qualitaetssicherungssysteme fuer Verpackungs- und Druckmaschinen.;Hoch, recherchiert und Website geprüft, 100 Prozent der Kriterien belegt;47829 Krefeld;Deutschland;Klebstoffauftrags- und Qualitaetssicherungssysteme fuer Verpackungs- und Druckmaschinen;250 (Recherche);50 (abgeleitet);Baumer Group;Websuche Peripherie Verpackungs- und Druckmaschinen;"Website/Impressum: Baumer hhs GmbH, Adolf-Dembach-Strasse 19, 47829 Krefeld; Klebstoffauftragssysteme und Kamerapruefsysteme fuer Falzschachtel-, Wellpappen- und Druckmaschinen.";nicht auf der Website verlinkt;B;Randbereich der Zielbranche laut Recherche: Klebstoffauftrags- und Qualitaetssicherungssysteme fuer Verpackungs- und Druckmaschinen.;B;Sitz 47829 Krefeld, Deutschland, im Land der Zielregion (Heidelberg), aber nicht in der Region selbst.;D;250 Mitarbeiter (Recherche, Gesellschaft: https://www.baumerhhs.com/de/ueber-uns/karriere (2026: Mit ueber 250 Mitarbeitern und Mitarbeiterinnen)), deutlich unter dem ICP-Band 1.001 bis 10.000.;D;50 Mio. EUR (aus 250 Mitarbeitern abgeleitet (0,2 Mio. EUR je Kopf, Maschinenbau)), deutlich unter dem ICP-Band rund 2 Mrd. EUR.;A;4 Begriffe mit 14 Fundstellen auf 8 Seiten: Präzision (7), präzise (3), precision (3), Maßhaltigkeit (1).;B;2 Begriffe mit 8 Fundstellen: Rotation (5), Register (3).;C;Keiner der Begriffe auf 8 gecrawlten Seiten gefunden. Bauteil- oder Fachvokabular steht selten auf Firmenwebsites, daher kein Abzug bis D.;C;Schwacher Beleg, nur Lebensdauer (1) auf 8 Seiten.;B;2 Begriffe mit 8 Fundstellen: Hochleistung (6), m/min (2).;B;2 Begriffe mit 3 Fundstellen: Maschinengeneration (2), Entwicklung (1).;D;Keiner der Begriffe auf 8 gecrawlten Seiten gefunden.;A;2 Begriffe mit 3 Fundstellen auf 8 Seiten: Prüfprotokoll (2), Dokumentation (1).
Göpfert Maschinen GmbH;https://goepfert.de/;D;45;Schlechter Fit;kein Ausschlusskriterium;2 von 12 Kriterien mit A, 4 mit D. Kernprodukt laut Recherche: Flexodruckmaschinen und Rotationsstanzen fuer Wellpappe. Auf der Website 12 Fundstellen zu Kernbegriffen: Druckwerk (6), Wellpappe (6).;Hoch, recherchiert und Website geprüft, 100 Prozent der Kriterien belegt;97353 Wiesentheid;Deutschland;Flexodruckmaschinen und Rotationsstanzen fuer Wellpappe;500 (Recherche);129 (Recherche);Familienbesitz (3. Generation);"Wikipedia Kategorie Druckmaschinenhersteller; Startliste";"Wikipedia: Maschinen fuer die Wellpappenverarbeitung, darunter Flexodruckmaschinen und Rotationsstanzen; Website zeigt Flexo Printer Slotter, RDC HBL.";nicht auf der Website verlinkt;A;Kernprodukt laut Recherche: Flexodruckmaschinen und Rotationsstanzen fuer Wellpappe. Auf der Website 12 Fundstellen zu Kernbegriffen: Druckwerk (6), Wellpappe (6).;B;Sitz 97353 Wiesentheid, Deutschland, im Land der Zielregion (Heidelberg), aber nicht in der Region selbst.;C;500 Mitarbeiter (Recherche, Gruppe: https://goepfert.de/unternehmen/historie/ (2025: Rund 500 Mitarbeiter zaehlen zur Unternehmensgruppe)), unter dem ICP-Band 1.001 bis 10.000.;D;129 Mio. EUR (Recherche: https://de.wikipedia.org/wiki/G%C3%B6pfert_Maschinen (GJ 2018)), deutlich unter dem ICP-Band rund 2 Mrd. EUR.;C;Schwacher Beleg, nur Präzision (1) auf 7 Seiten.;A;3 Begriffe mit 9 Fundstellen auf 7 Seiten: Druckwerk (6), Rotation (2), Register (1).;C;Keiner der Begriffe auf 7 gecrawlten Seiten gefunden. Bauteil- oder Fachvokabular steht selten auf Firmenwebsites, daher kein Abzug bis D.;B;2 Begriffe mit 6 Fundstellen: Ersatzteil (5), Lebensdauer (1).;D;Keiner der Begriffe auf 7 gecrawlten Seiten gefunden.;C;Schwacher Beleg, nur Entwicklung (1) auf 7 Seiten.;D;Keiner der Begriffe auf 7 gecrawlten Seiten gefunden.;D;Keiner der Begriffe auf 7 gecrawlten Seiten gefunden.
Hinterkopf GmbH;https://www.hinterkopf.de/de/;D;45;Schlechter Fit;kein Ausschlusskriterium;2 von 12 Kriterien mit A, 2 mit D, 5 ohne Datenbasis. Kernprodukt laut Recherche: Druck- und Digitaldruckmaschinen fuer Tuben, Dosen und Huelsen. Auf der Website 17 Fundstellen zu Kernbegriffen: Digitaldruck (10), Druckmaschine (3), Offsetdruck (1), Flexodruck (1).;Hoch, recherchiert, 70 Prozent der Kriterien belegt;73054 Eislingen;Deutschland;Druck- und Digitaldruckmaschinen fuer Tuben, Dosen und Huelsen;230 (Recherche);46 (abgeleitet);;Websuche Direktdruck Hohlkoerper;Website: Maschinen fuer die Verpackungsproduktion, darunter Digitaldruckmaschinen und komplette Linien fuer zylindrische Behaelter.;https://de.linkedin.com/company/hinterkopf-gmbh;A;Kernprodukt laut Recherche: Druck- und Digitaldruckmaschinen fuer Tuben, Dosen und Huelsen. Auf der Website 17 Fundstellen zu Kernbegriffen: Digitaldruck (10), Druckmaschine (3), Offsetdruck (1), Flexodruck (1).;B;Sitz 73054 Eislingen, Deutschland, im Land der Zielregion (Heidelberg), aber nicht in der Region selbst.;D;230 Mitarbeiter (Recherche, Gesellschaft: https://www.hinterkopf.de/en/company/portrait.html (2026: Family enterprise with 230 employees)), deutlich unter dem ICP-Band 1.001 bis 10.000.;D;46 Mio. EUR (aus 230 Mitarbeitern abgeleitet (0,2 Mio. EUR je Kopf, Maschinenbau)), deutlich unter dem ICP-Band rund 2 Mrd. EUR.;N;Kein Treffer, aber nur 1 Seite(n) abrufbar. Nicht belegbar.;C;Schwacher Beleg, nur Druckwerk (1) auf 1 Seiten.;N;Kein Treffer, aber nur 1 Seite(n) abrufbar. Nicht belegbar.;C;Schwacher Beleg, nur Lebensdauer (1) auf 1 Seiten.;N;Kein Treffer, aber nur 1 Seite(n) abrufbar. Nicht belegbar.;N;Kein Treffer, aber nur 1 Seite(n) abrufbar. Nicht belegbar.;A;2 Begriffe mit 2 Fundstellen auf 1 Seiten: Einkauf (1), Einkaufsbedingungen (1).;N;Kein Treffer, aber nur 1 Seite(n) abrufbar. Nicht belegbar.
Polytype SA;https://www.polytype.com/;D;45;Schlechter Fit;kein Ausschlusskriterium;2 von 12 Kriterien mit A, 3 mit D. Kernprodukt laut Recherche: Trockenoffset- und Digitaldruckmaschinen fuer Becher, Tuben, Deckel. Auf der Website 88 Fundstellen zu Kernbegriffen: Inkjet (81), printing machine (4), printing system (3).;Hoch, recherchiert und Website geprüft, 100 Prozent der Kriterien belegt;1701 Fribourg;Schweiz;Trockenoffset- und Digitaldruckmaschinen fuer Becher, Tuben, Deckel;500 (Recherche);100 (abgeleitet);Wifag-Polytype Holding AG (Ursula-Wirz-Stiftung);"Websuche Direktdruck Hohlkoerper; Wikipedia Wifag-Polytype";"Website: advanced printing and manufacturing solutions for cosmetic tubes, jars, cups, lids, bottles, beverage cans; Sitz route de la Glane, Fribourg.";https://www.linkedin.com/company/polytype;A;Kernprodukt laut Recherche: Trockenoffset- und Digitaldruckmaschinen fuer Becher, Tuben, Deckel. Auf der Website 88 Fundstellen zu Kernbegriffen: Inkjet (81), printing machine (4), printing system (3).;C;Sitz 1701 Fribourg, Schweiz, im deutschsprachigen Raum, Zielregion ist Heidelberg.;C;500 Mitarbeiter (Recherche, Gruppe: https://www.polytype.com/wifag-polytype-group/ (2026: 5 locations, 500 employees, WIFAG-Polytype Group)), unter dem ICP-Band 1.001 bis 10.000.;D;100 Mio. EUR (aus 500 Mitarbeitern abgeleitet (0,2 Mio. EUR je Kopf, Maschinenbau)), deutlich unter dem ICP-Band rund 2 Mrd. EUR.;B;2 Begriffe mit 3 Fundstellen: accuracy (2), precision (1).;C;Schwacher Beleg, nur Rotation (1) auf 8 Seiten.;C;Keiner der Begriffe auf 8 gecrawlten Seiten gefunden. Bauteil- oder Fachvokabular steht selten auf Firmenwebsites, daher kein Abzug bis D.;A;3 Begriffe mit 8 Fundstellen auf 8 Seiten: maintenance (4), spare part (3), uptime (1).;C;Schwacher Beleg, nur high-speed (3) auf 8 Seiten.;B;1 Begriffe mit 7 Fundstellen: Innovation (7).;D;Keiner der Begriffe auf 8 gecrawlten Seiten gefunden.;D;Keiner der Begriffe auf 8 gecrawlten Seiten gefunden.
Rotocontrol EMT GmbH;https://emtinternational.com/;D;45;Schlechter Fit;kein Ausschlusskriterium;"1 von 12 Kriterien mit A, 3 mit D, 2 ohne Datenbasis. Randbereich der Zielbranche laut Recherche: Etiketten-Finishing: Schneid-, Inspektions- und Wickelmaschinen. Auf der Website 5 Fundstellen zu Kernbegriffen: Inkjet (5). Hinweis: 2017 Zusammenschluss mit EMT International; Konstruktion und Fertigung weiterhin in Deutschland";Mittel, nur Website, 73 Prozent der Kriterien belegt;22926 Ahrensburg;Deutschland;Etiketten-Finishing: Schneid-, Inspektions- und Wickelmaschinen;k. A.;k. A.;EMT International (USA);Startliste (Rotocontrol);labelpack.de/FINAT: Rotocontrol, Hersteller von Finishing-Maschinen fuer Etiketten (Schneiden, Inspektion, Wickeln), buendelt Kraefte mit EMT International.;https://www.linkedin.com/company/emt-international;B;Randbereich der Zielbranche laut Recherche: Etiketten-Finishing: Schneid-, Inspektions- und Wickelmaschinen. Auf der Website 5 Fundstellen zu Kernbegriffen: Inkjet (5).;B;Sitz 22926 Ahrensburg, Deutschland, im Land der Zielregion (Heidelberg), aber nicht in der Region selbst.;N;Keine belegte Mitarbeiterzahl (weder Recherche noch Website).;N;Kein Umsatz veröffentlicht und keine Mitarbeiterzahl zum Ableiten.;D;Keiner der Begriffe auf 7 gecrawlten Seiten gefunden.;C;Schwacher Beleg, nur printing unit (2) auf 7 Seiten.;C;Keiner der Begriffe auf 7 gecrawlten Seiten gefunden. Bauteil- oder Fachvokabular steht selten auf Firmenwebsites, daher kein Abzug bis D.;A;2 Begriffe mit 21 Fundstellen auf 7 Seiten: Retrofit (17), maintenance (4).;C;Schwacher Beleg, nur high-speed (4) auf 7 Seiten.;B;2 Begriffe mit 7 Fundstellen: engineering (5), Innovation (2).;D;Keiner der Begriffe auf 7 gecrawlten Seiten gefunden.;D;Keiner der Begriffe auf 7 gecrawlten Seiten gefunden.
Ferag AG;https://www.ferag.com/;D;44;Schlechter Fit;kein Ausschlusskriterium;2 von 12 Kriterien mit A, 3 mit D. Randbereich der Zielbranche laut Recherche: Foerder- und Weiterverarbeitungssysteme fuer Druckerzeugnisse, Intralogistik.;Hoch, recherchiert und Website geprüft, 100 Prozent der Kriterien belegt;8340 Hinwil;Schweiz;Foerder- und Weiterverarbeitungssysteme fuer Druckerzeugnisse, Intralogistik;450 (Recherche);90 (abgeleitet);;"Wikipedia Ferag; Startliste Druckweiterverarbeitung";"Wikipedia/Website: Ferag AG, Hinwil, entwickelt und vertreibt Materialflusssysteme; Ursprung in der Weiterverarbeitung von Druckerzeugnissen (Zeitungsversandraum).";https://www.linkedin.com/company/ferag-solutions;B;Randbereich der Zielbranche laut Recherche: Foerder- und Weiterverarbeitungssysteme fuer Druckerzeugnisse, Intralogistik.;C;Sitz 8340 Hinwil, Schweiz, im deutschsprachigen Raum, Zielregion ist Heidelberg.;C;450 Mitarbeiter (Recherche, Gruppe: https://www.ferag.com/de/unternehmen/ueber-uns/ (2026: 450 Mitarbeiter weltweit)), unter dem ICP-Band 1.001 bis 10.000.;D;90 Mio. EUR (aus 450 Mitarbeitern abgeleitet (0,2 Mio. EUR je Kopf, Maschinenbau)), deutlich unter dem ICP-Band rund 2 Mrd. EUR.;C;Schwacher Beleg, nur precision (1) auf 8 Seiten.;B;1 Begriffe mit 5 Fundstellen: Register (5).;C;Keiner der Begriffe auf 8 gecrawlten Seiten gefunden. Bauteil- oder Fachvokabular steht selten auf Firmenwebsites, daher kein Abzug bis D.;A;3 Begriffe mit 11 Fundstellen auf 8 Seiten: maintenance (7), spare part (3), Retrofit (1).;D;Keiner der Begriffe auf 8 gecrawlten Seiten gefunden.;A;4 Begriffe mit 26 Fundstellen auf 8 Seiten: Innovation (13), engineering (9), Patent (3), research and development (1).;B;1 Begriffe mit 2 Fundstellen: Supply Chain (2).;D;Keiner der Begriffe auf 8 gecrawlten Seiten gefunden.
Jakob Müller AG Frick;https://www.jakobmueller.com/de/;D;44;Schlechter Fit;kein Ausschlusskriterium;2 von 12 Kriterien mit A, 3 mit D, 2 ohne Datenbasis. Randbereich der Zielbranche laut Recherche: Band- und Etikettenwebmaschinen, Etikettendrucksysteme.;Mittel, nur Website, 73 Prozent der Kriterien belegt;5070 Frick;Schweiz;Band- und Etikettenwebmaschinen, Etikettendrucksysteme;k. A.;k. A.;Jakob Müller Holding AG;industrystock Textildruckmaschinen;Website: Jakob Mueller Group steht seit ueber 130 Jahren fuer Swiss precision in der Band- und Schmaltextilindustrie, inkl. Label Production Systems (Druck).;https://ch.linkedin.com/company/jakob-m;B;Randbereich der Zielbranche laut Recherche: Band- und Etikettenwebmaschinen, Etikettendrucksysteme.;C;Sitz 5070 Frick, Schweiz, im deutschsprachigen Raum, Zielregion ist Heidelberg.;N;Keine belegte Mitarbeiterzahl (weder Recherche noch Website).;N;Kein Umsatz veröffentlicht und keine Mitarbeiterzahl zum Ableiten.;C;Schwacher Beleg, nur Präzision (1) auf 9 Seiten.;C;Schwacher Beleg, nur Register (1) auf 9 Seiten.;C;Keiner der Begriffe auf 9 gecrawlten Seiten gefunden. Bauteil- oder Fachvokabular steht selten auf Firmenwebsites, daher kein Abzug bis D.;A;1 Begriffe mit 11 Fundstellen auf 9 Seiten: Ersatzteil (11).;D;Keiner der Begriffe auf 9 gecrawlten Seiten gefunden.;A;1 Begriffe mit 21 Fundstellen auf 9 Seiten: Innovation (21).;D;Keiner der Begriffe auf 9 gecrawlten Seiten gefunden.;D;Keiner der Begriffe auf 9 gecrawlten Seiten gefunden.
SPS TechnoScreen GmbH;https://www.sps-technoscreen.com/;D;44;Schlechter Fit;kein Ausschlusskriterium;2 von 12 Kriterien mit A, 3 mit D. Kernprodukt laut Recherche: Zylinder-Siebdruckmaschinen fuer industrielle Anwendungen. Auf der Website 12 Fundstellen zu Kernbegriffen: Siebdruck (8), printing press (2), printing machine (2).;Mittel, nur Website, 100 Prozent der Kriterien belegt;42389 Wuppertal;Deutschland;Zylinder-Siebdruckmaschinen fuer industrielle Anwendungen;15 (Website);3 (abgeleitet);;Websuche Siebdruckmaschinen Hersteller;"Website/Kontakt: SPS TechnoScreen GmbH, Kohlenstr. 63, 42389 Wuppertal; Druckmaschinen und Anlagenkomponenten fuer das Siebdruckverfahren (Karten, Keramik, Banknoten, funktionale Drucke).";https://de.linkedin.com/company/sps-technoscreen;A;Kernprodukt laut Recherche: Zylinder-Siebdruckmaschinen fuer industrielle Anwendungen. Auf der Website 12 Fundstellen zu Kernbegriffen: Siebdruck (8), printing press (2), printing machine (2).;B;Sitz 42389 Wuppertal, Deutschland, im Land der Zielregion (Heidelberg), aber nicht in der Region selbst.;D;15 Mitarbeiter (Eigendarstellung auf der Website), deutlich unter dem ICP-Band 1.001 bis 10.000.;D;3 Mio. EUR (aus 15 Mitarbeitern abgeleitet (0,2 Mio. EUR je Kopf, Maschinenbau)), deutlich unter dem ICP-Band rund 2 Mrd. EUR.;C;Schwacher Beleg, nur precision (3) auf 8 Seiten.;C;Schwacher Beleg, nur Register (4) auf 8 Seiten.;C;Keiner der Begriffe auf 8 gecrawlten Seiten gefunden. Bauteil- oder Fachvokabular steht selten auf Firmenwebsites, daher kein Abzug bis D.;A;3 Begriffe mit 26 Fundstellen auf 8 Seiten: service part (17), maintenance (8), spare part (1).;C;Schwacher Beleg, nur high-speed (2) auf 8 Seiten.;B;2 Begriffe mit 3 Fundstellen: Innovation (2), Patent (1).;B;1 Begriffe mit 1 Fundstellen: Supplier (1).;D;Keiner der Begriffe auf 8 gecrawlten Seiten gefunden.
Allstein GmbH;https://www.allstein.com/;D;42;Schlechter Fit;kein Ausschlusskriterium;1 von 12 Kriterien mit A, 5 mit D, 2 ohne Datenbasis. Kernprodukt laut Recherche: CI-Flexodruckmaschinen. Auf der Website 10 Fundstellen zu Kernbegriffen: printing press (4), Flexodruck (3), Druckmaschine (2), printing machine (1).;Mittel, nur Website, 73 Prozent der Kriterien belegt;32052 Herford;Deutschland;CI-Flexodruckmaschinen;k. A.;k. A.;;deutsche-exportdatenbank Flexodruckmaschinen;"Website: We develop the most productive flexo presses on the market; Hauptkomponenten werden am Standort Herford entwickelt, gefertigt und getestet.";https://www.linkedin.com/company/allstein-gmbh;A;Kernprodukt laut Recherche: CI-Flexodruckmaschinen. Auf der Website 10 Fundstellen zu Kernbegriffen: printing press (4), Flexodruck (3), Druckmaschine (2), printing machine (1).;B;Sitz 32052 Herford, Deutschland, im Land der Zielregion (Heidelberg), aber nicht in der Region selbst.;N;Keine belegte Mitarbeiterzahl (weder Recherche noch Website).;N;Kein Umsatz veröffentlicht und keine Mitarbeiterzahl zum Ableiten.;D;Keiner der Begriffe auf 4 gecrawlten Seiten gefunden.;C;Schwacher Beleg, nur Register (4) auf 4 Seiten.;C;Keiner der Begriffe auf 4 gecrawlten Seiten gefunden. Bauteil- oder Fachvokabular steht selten auf Firmenwebsites, daher kein Abzug bis D.;D;Keiner der Begriffe auf 4 gecrawlten Seiten gefunden.;D;Keiner der Begriffe auf 4 gecrawlten Seiten gefunden.;B;2 Begriffe mit 2 Fundstellen: Entwicklung (1), Innovation (1).;D;Keiner der Begriffe auf 4 gecrawlten Seiten gefunden.;D;Keiner der Begriffe auf 4 gecrawlten Seiten gefunden.
H. C. MOOG GmbH;https://www.hcmoog.de/;D;42;Schlechter Fit;kein Ausschlusskriterium;1 von 12 Kriterien mit A, 5 mit D, 2 ohne Datenbasis. Kernprodukt laut Recherche: Bogentiefdruckmaschinen und Rotationspraegemaschinen.;Mittel, nur Website, 73 Prozent der Kriterien belegt;65385 Rüdesheim am Rhein;Deutschland;Bogentiefdruckmaschinen und Rotationspraegemaschinen;k. A.;k. A.;;VDMA Mitgliederverzeichnis;"Website: MOOG, over 70 years development and design of single-color and multi-color sheet-fed gravure presses; Impressum Im Laubfrosch 22, 65385 Ruedesheim.";nicht auf der Website verlinkt;A;Kernprodukt laut Recherche: Bogentiefdruckmaschinen und Rotationspraegemaschinen.;B;Sitz 65385 Rüdesheim am Rhein, Deutschland, im Land der Zielregion (Heidelberg), aber nicht in der Region selbst.;N;Keine belegte Mitarbeiterzahl (weder Recherche noch Website).;N;Kein Umsatz veröffentlicht und keine Mitarbeiterzahl zum Ableiten.;D;Keiner der Begriffe auf 6 gecrawlten Seiten gefunden.;C;Schwacher Beleg, nur Register (1) auf 6 Seiten.;C;Keiner der Begriffe auf 6 gecrawlten Seiten gefunden. Bauteil- oder Fachvokabular steht selten auf Firmenwebsites, daher kein Abzug bis D.;D;Keiner der Begriffe auf 6 gecrawlten Seiten gefunden.;D;Keiner der Begriffe auf 6 gecrawlten Seiten gefunden.;B;2 Begriffe mit 3 Fundstellen: engineering (2), research and development (1).;D;Keiner der Begriffe auf 6 gecrawlten Seiten gefunden.;D;Keiner der Begriffe auf 6 gecrawlten Seiten gefunden.
Technigraf GmbH;https://technigraf.de/;D;42;Schlechter Fit;kein Ausschlusskriterium;0 von 12 Kriterien mit A, 3 mit D, 2 ohne Datenbasis. Randbereich der Zielbranche laut Recherche: UV-Haertungsanlagen und Belichtungsgeraete fuer Sieb- und Druckindustrie. Auf der Website 1 Fundstellen zu Kernbegriffen: Inkjet (1).;Mittel, nur Website, 73 Prozent der Kriterien belegt;61279 Grävenwiesbach;Deutschland;UV-Haertungsanlagen und Belichtungsgeraete fuer Sieb- und Druckindustrie;k. A.;k. A.;;Websuche Druckmaschinenhersteller Deutschland (induux);"Website: Belichtungsgeraete, Siebtrockenschraenke, konventionelle UV-Haertungsanlagen und UV-Messgeraete; Sitz Auf der Struth 4, Graevenwiesbach.";https://www.linkedin.com/company/technigraf-gmbh;B;Randbereich der Zielbranche laut Recherche: UV-Haertungsanlagen und Belichtungsgeraete fuer Sieb- und Druckindustrie. Auf der Website 1 Fundstellen zu Kernbegriffen: Inkjet (1).;B;Sitz 61279 Grävenwiesbach, Deutschland, im Land der Zielregion (Heidelberg), aber nicht in der Region selbst.;N;Keine belegte Mitarbeiterzahl (weder Recherche noch Website).;N;Kein Umsatz veröffentlicht und keine Mitarbeiterzahl zum Ableiten.;D;Keiner der Begriffe auf 6 gecrawlten Seiten gefunden.;C;Schwacher Beleg, nur Register (2) auf 6 Seiten.;C;Keiner der Begriffe auf 6 gecrawlten Seiten gefunden. Bauteil- oder Fachvokabular steht selten auf Firmenwebsites, daher kein Abzug bis D.;C;Schwacher Beleg, nur Wartung (1) auf 6 Seiten.;D;Keiner der Begriffe auf 6 gecrawlten Seiten gefunden.;B;2 Begriffe mit 3 Fundstellen: Entwicklung (2), Konstruktion (1).;D;Keiner der Begriffe auf 6 gecrawlten Seiten gefunden.;B;1 Begriffe mit 1 Fundstellen: Messtechnik (1).
KAMA GmbH;https://www.kama.info/de/;D;41;Schlechter Fit;kein Ausschlusskriterium;2 von 12 Kriterien mit A, 5 mit D. Randbereich der Zielbranche laut Recherche: Stanz- und Praegemaschinen, Veredelungssysteme, Falt-/Klebemaschinen. Auf der Website 5 Fundstellen zu Kernbegriffen: Digitaldruck (2), Verpackungsdruck (2), Druckmaschine (1).;Hoch, recherchiert und Website geprüft, 100 Prozent der Kriterien belegt;01237 Dresden;Deutschland;Stanz- und Praegemaschinen, Veredelungssysteme, Falt-/Klebemaschinen;110 (Recherche);22 (abgeleitet);;Startliste;Website: Seit ueber 130 Jahren entwickeln Ingenieure bei KAMA hochwertige Stanz-/Praegemaschinen, Veredelungssysteme sowie Falt-/Klebemaschinen fuer den weltweiten Markt.;https://www.linkedin.com/company/kama-gmbh;B;Randbereich der Zielbranche laut Recherche: Stanz- und Praegemaschinen, Veredelungssysteme, Falt-/Klebemaschinen. Auf der Website 5 Fundstellen zu Kernbegriffen: Digitaldruck (2), Verpackungsdruck (2), Druckmaschine (1).;B;Sitz 01237 Dresden, Deutschland, im Land der Zielregion (Heidelberg), aber nicht in der Region selbst.;D;110 Mitarbeiter (Recherche, Gesellschaft: https://www.kama.info/de/unternehmen/about/ (2026: heute 110 Beschaeftigte)), deutlich unter dem ICP-Band 1.001 bis 10.000.;D;22 Mio. EUR (aus 110 Mitarbeitern abgeleitet (0,2 Mio. EUR je Kopf, Maschinenbau)), deutlich unter dem ICP-Band rund 2 Mrd. EUR.;B;2 Begriffe mit 2 Fundstellen: Präzision (1), präzise (1).;B;2 Begriffe mit 2 Fundstellen: Register (1), Bogen (1).;C;Keiner der Begriffe auf 8 gecrawlten Seiten gefunden. Bauteil- oder Fachvokabular steht selten auf Firmenwebsites, daher kein Abzug bis D.;A;2 Begriffe mit 60 Fundstellen auf 8 Seiten: Wartung (46), Ersatzteil (14).;D;Keiner der Begriffe auf 8 gecrawlten Seiten gefunden.;A;3 Begriffe mit 4 Fundstellen auf 8 Seiten: Innovation (2), Entwicklung (1), engineering (1).;D;Keiner der Begriffe auf 8 gecrawlten Seiten gefunden.;D;Keiner der Begriffe auf 8 gecrawlten Seiten gefunden.
J. Zimmer Maschinenbau GmbH;https://www.zimmer-austria.com/;D;40;Schlechter Fit;kein Ausschlusskriterium;3 von 12 Kriterien mit A, 5 mit D. Kernprodukt laut Recherche: Rotations- und Flachsiebdruck- sowie Beschichtungsanlagen fuer Textilien. Auf der Website 10 Fundstellen zu Kernbegriffen: printing system (7), printing machine (2), Inkjet (1).;Mittel, nur Website, 100 Prozent der Kriterien belegt;9020 Klagenfurt;Österreich;Rotations- und Flachsiebdruck- sowie Beschichtungsanlagen fuer Textilien;140 (Website);28 (abgeleitet);;industrystock Textildruckmaschinen;"Website zimmer-austria.com: Standort Klagenfurt, Ebentalerstrasse 133; Screen printing und Coating Equipment; ueber 150 Jahre im Geschaeft.";https://www.linkedin.com/company/zimmer-austria;A;Kernprodukt laut Recherche: Rotations- und Flachsiebdruck- sowie Beschichtungsanlagen fuer Textilien. Auf der Website 10 Fundstellen zu Kernbegriffen: printing system (7), printing machine (2), Inkjet (1).;C;Sitz 9020 Klagenfurt, Österreich, im deutschsprachigen Raum, Zielregion ist Heidelberg.;D;140 Mitarbeiter (Eigendarstellung auf der Website), deutlich unter dem ICP-Band 1.001 bis 10.000.;D;28 Mio. EUR (aus 140 Mitarbeitern abgeleitet (0,2 Mio. EUR je Kopf, Maschinenbau)), deutlich unter dem ICP-Band rund 2 Mrd. EUR.;A;2 Begriffe mit 11 Fundstellen auf 9 Seiten: precision (9), accuracy (2).;C;Schwacher Beleg, nur Register (3) auf 9 Seiten.;C;Keiner der Begriffe auf 9 gecrawlten Seiten gefunden. Bauteil- oder Fachvokabular steht selten auf Firmenwebsites, daher kein Abzug bis D.;B;2 Begriffe mit 7 Fundstellen: maintenance (4), spare part (3).;D;Keiner der Begriffe auf 9 gecrawlten Seiten gefunden.;A;4 Begriffe mit 23 Fundstellen auf 9 Seiten: Innovation (12), engineering (9), Patent (1), research and development (1).;D;Keiner der Begriffe auf 9 gecrawlten Seiten gefunden.;D;Keiner der Begriffe auf 9 gecrawlten Seiten gefunden.
Jagenberg Converting Solutions GmbH;https://www.jagenberg-converting.com/;D;40;Schlechter Fit;kein Ausschlusskriterium;2 von 12 Kriterien mit A, 3 mit D. Randbereich der Zielbranche laut Recherche: Beschichtungs-, Kaschier- und Converting-Anlagen fuer Bahnmaterialien. Auf der Website 1 Fundstellen zu Kernbegriffen: printing system (1).;Hoch, recherchiert und Website geprüft, 100 Prozent der Kriterien belegt;22763 Hamburg;Deutschland;Beschichtungs-, Kaschier- und Converting-Anlagen fuer Bahnmaterialien;100 (Recherche);20 (abgeleitet);Jagenberg AG;"VDMA Mitgliederverzeichnis; induux Herstellerliste";"Website: Jagenberg Converting Solutions GmbH offers turnkey solutions from a single source (Beschichtungs- und Converting-Anlagen); Impressum Friesenweg 32a, 22763 Hamburg.";https://www.linkedin.com/company/jagenberg-converting-solutions;B;Randbereich der Zielbranche laut Recherche: Beschichtungs-, Kaschier- und Converting-Anlagen fuer Bahnmaterialien. Auf der Website 1 Fundstellen zu Kernbegriffen: printing system (1).;B;Sitz 22763 Hamburg, Deutschland, im Land der Zielregion (Heidelberg), aber nicht in der Region selbst.;D;100 Mitarbeiter (Recherche, Gesellschaft: https://www.jagenberg-converting.com/company/about-us/ (2026: more than 100 employees from Jagenberg Group companies)), deutlich unter dem ICP-Band 1.001 bis 10.000.;D;20 Mio. EUR (aus 100 Mitarbeitern abgeleitet (0,2 Mio. EUR je Kopf, Maschinenbau)), deutlich unter dem ICP-Band rund 2 Mrd. EUR.;C;Schwacher Beleg, nur precision (1) auf 7 Seiten.;C;Schwacher Beleg, nur Register (2) auf 7 Seiten.;C;Keiner der Begriffe auf 7 gecrawlten Seiten gefunden. Bauteil- oder Fachvokabular steht selten auf Firmenwebsites, daher kein Abzug bis D.;C;Schwacher Beleg, nur Retrofit (3) auf 7 Seiten.;D;Keiner der Begriffe auf 7 gecrawlten Seiten gefunden.;A;3 Begriffe mit 7 Fundstellen auf 7 Seiten: Innovation (4), engineering (2), R&D (1).;A;3 Begriffe mit 30 Fundstellen auf 7 Seiten: Purchasing (15), Code of Conduct (14), Supplier (1).;B;1 Begriffe mit 1 Fundstellen: quality assurance (1).
Zimmer Maschinenbau GmbH (ZIMMER AUSTRIA Digital Printing Systems);https://www.zimmer-austria.com/;D;40;Schlechter Fit;kein Ausschlusskriterium;3 von 12 Kriterien mit A, 5 mit D. Kernprodukt laut Recherche: Digitale Textildruckanlagen und Beschichtungssysteme. Auf der Website 10 Fundstellen zu Kernbegriffen: printing system (7), printing machine (2), Inkjet (1).;Hoch, recherchiert und Website geprüft, 100 Prozent der Kriterien belegt;6330 Kufstein;Österreich;Digitale Textildruckanlagen und Beschichtungssysteme;140 (Recherche);28 (abgeleitet);;Startliste (Zimmer Austria);"Website zimmer-austria.com: Standort Kufstein, Eibergstrasse 2-8; advanced digital printing solutions fuer Teppiche, Heimtextilien, Bekleidung, technische Textilien.";https://www.linkedin.com/company/zimmer-austria;A;Kernprodukt laut Recherche: Digitale Textildruckanlagen und Beschichtungssysteme. Auf der Website 10 Fundstellen zu Kernbegriffen: printing system (7), printing machine (2), Inkjet (1).;C;Sitz 6330 Kufstein, Österreich, im deutschsprachigen Raum, Zielregion ist Heidelberg.;D;140 Mitarbeiter (Recherche, Standort: https://www.zimmer-austria.com/company/career/ (2026: Kufstein is home to around 140 employees)), deutlich unter dem ICP-Band 1.001 bis 10.000.;D;28 Mio. EUR (aus 140 Mitarbeitern abgeleitet (0,2 Mio. EUR je Kopf, Maschinenbau)), deutlich unter dem ICP-Band rund 2 Mrd. EUR.;A;2 Begriffe mit 11 Fundstellen auf 9 Seiten: precision (9), accuracy (2).;C;Schwacher Beleg, nur Register (3) auf 9 Seiten.;C;Keiner der Begriffe auf 9 gecrawlten Seiten gefunden. Bauteil- oder Fachvokabular steht selten auf Firmenwebsites, daher kein Abzug bis D.;B;2 Begriffe mit 7 Fundstellen: maintenance (4), spare part (3).;D;Keiner der Begriffe auf 9 gecrawlten Seiten gefunden.;A;4 Begriffe mit 23 Fundstellen auf 9 Seiten: Innovation (12), engineering (9), Patent (1), research and development (1).;D;Keiner der Begriffe auf 9 gecrawlten Seiten gefunden.;D;Keiner der Begriffe auf 9 gecrawlten Seiten gefunden.
Heiber + Schröder Maschinenbau GmbH;https://heiber-schroeder.com/de/;D;39;Schlechter Fit;kein Ausschlusskriterium;2 von 12 Kriterien mit A, 4 mit D. Randbereich der Zielbranche laut Recherche: Fenstereinklebe- und Trayaufrichtemaschinen fuer Verpackungen.;Hoch, recherchiert und Website geprüft, 100 Prozent der Kriterien belegt;Erkrath;Deutschland;Fenstereinklebe- und Trayaufrichtemaschinen fuer Verpackungen;80 (Recherche);16 (abgeleitet);;Startliste;"Website: 70 Mitarbeiter beleben den Hauptsitz in Erkrath; H+S stellt jaehrlich ca. 100 Maschinen fuer die Verpackungsindustrie her (Fenstereinklebe- und Trayaufrichtemaschinen).";nicht auf der Website verlinkt;B;Randbereich der Zielbranche laut Recherche: Fenstereinklebe- und Trayaufrichtemaschinen fuer Verpackungen.;B;Sitz Erkrath, Deutschland, im Land der Zielregion (Heidelberg), aber nicht in der Region selbst.;D;80 Mitarbeiter (Recherche, Gesellschaft: https://heiber-schroeder.com/karriere (2026: Das Team der Heiber + Schroeder Maschinenbau GmbH umfasst ca. 80 Mitarbeiter an 2 Standorten)), deutlich unter dem ICP-Band 1.001 bis 10.000.;D;16 Mio. EUR (aus 80 Mitarbeitern abgeleitet (0,2 Mio. EUR je Kopf, Maschinenbau)), deutlich unter dem ICP-Band rund 2 Mrd. EUR.;D;Keiner der Begriffe auf 8 gecrawlten Seiten gefunden.;C;Schwacher Beleg, nur Register (1) auf 8 Seiten.;C;Keiner der Begriffe auf 8 gecrawlten Seiten gefunden. Bauteil- oder Fachvokabular steht selten auf Firmenwebsites, daher kein Abzug bis D.;A;4 Begriffe mit 14 Fundstellen auf 8 Seiten: Ersatzteil (10), Wartung (2), Instandhaltung (1), Lebensdauer (1).;C;Schwacher Beleg, nur Hochleistung (1) auf 8 Seiten.;A;4 Begriffe mit 17 Fundstellen auf 8 Seiten: Entwicklung (9), Konstruktion (5), Innovation (2), Konstrukteur (1).;B;1 Begriffe mit 1 Fundstellen: Verhaltenskodex (1).;D;Keiner der Begriffe auf 8 gecrawlten Seiten gefunden.
Chr. Renz GmbH;https://www.renz-germany.de/;D;38;Schlechter Fit;kein Ausschlusskriterium;1 von 12 Kriterien mit A, 4 mit D. Randbereich der Zielbranche laut Recherche: Draht- und Spiralbindemaschinen, Stanzmaschinen. Hinweis: Nach Insolvenz Uebernahme durch die schwedische Plockmatic Group (Website-Meldung);Hoch, recherchiert und Website geprüft, 100 Prozent der Kriterien belegt;73540 Heubach;Deutschland;Draht- und Spiralbindemaschinen, Stanzmaschinen;120 (Recherche);24 (abgeleitet);Plockmatic Group (Schweden);Websuche Druckweiterverarbeitung Hersteller;Website: durch die Uebernahme der Chr. Renz GmbH durch die schwedische Plockmatic Group konnte eine tragfaehige Loesung gefunden werden.;https://linkedin.com/company/renz-germany;B;Randbereich der Zielbranche laut Recherche: Draht- und Spiralbindemaschinen, Stanzmaschinen.;B;Sitz 73540 Heubach, Deutschland, im Land der Zielregion (Heidelberg), aber nicht in der Region selbst.;D;120 Mitarbeiter (Recherche, Gruppe: https://www.renz-germany.de/ueber-uns/ (2026: Die RENZ Gruppe beschaeftigt ueber 120 hochqualifizierte Mitarbeiter)), deutlich unter dem ICP-Band 1.001 bis 10.000.;D;24 Mio. EUR (aus 120 Mitarbeitern abgeleitet (0,2 Mio. EUR je Kopf, Maschinenbau)), deutlich unter dem ICP-Band rund 2 Mrd. EUR.;C;Schwacher Beleg, nur Genauigkeit (1) auf 6 Seiten.;A;2 Begriffe mit 10 Fundstellen auf 6 Seiten: printing unit (8), Register (2).;C;Keiner der Begriffe auf 6 gecrawlten Seiten gefunden. Bauteil- oder Fachvokabular steht selten auf Firmenwebsites, daher kein Abzug bis D.;D;Keiner der Begriffe auf 6 gecrawlten Seiten gefunden.;C;Schwacher Beleg, nur Hochleistung (1) auf 6 Seiten.;B;2 Begriffe mit 4 Fundstellen: Entwicklung (2), Innovation (2).;D;Keiner der Begriffe auf 6 gecrawlten Seiten gefunden.;B;1 Begriffe mit 1 Fundstellen: Qualitätssicherung (1).
Gietz AG;https://www.gietz.ch/de/;D;38;Schlechter Fit;kein Ausschlusskriterium;1 von 12 Kriterien mit A, 4 mit D. Randbereich der Zielbranche laut Recherche: Heissfolienpraege- und Stanzmaschinen fuer Druckveredelung.;Hoch, recherchiert und Website geprüft, 100 Prozent der Kriterien belegt;9200 Gossau;Schweiz;Heissfolienpraege- und Stanzmaschinen fuer Druckveredelung;70 (Recherche);14 (abgeleitet);Familienbesitz;Websuche Druckmaschinenhersteller Schweiz;"Website gietz.ch: Hot Foil Stamping und Tray Forming Machines; Flaggschiff-Maschinen fuer Bogen-Heissfolienpraegung.";https://www.linkedin.com/company/2309098;B;Randbereich der Zielbranche laut Recherche: Heissfolienpraege- und Stanzmaschinen fuer Druckveredelung.;C;Sitz 9200 Gossau, Schweiz, im deutschsprachigen Raum, Zielregion ist Heidelberg.;D;70 Mitarbeiter (Recherche, Gesellschaft: https://www.gietz.ch/en/about-us.html (2026: Our team consists of over 70 employees)), deutlich unter dem ICP-Band 1.001 bis 10.000.;D;14 Mio. EUR (aus 70 Mitarbeitern abgeleitet (0,2 Mio. EUR je Kopf, Maschinenbau)), deutlich unter dem ICP-Band rund 2 Mrd. EUR.;B;2 Begriffe mit 5 Fundstellen: Präzision (4), Genauigkeit (1).;B;2 Begriffe mit 9 Fundstellen: Bogen (7), Register (2).;C;Keiner der Begriffe auf 8 gecrawlten Seiten gefunden. Bauteil- oder Fachvokabular steht selten auf Firmenwebsites, daher kein Abzug bis D.;A;4 Begriffe mit 5 Fundstellen auf 8 Seiten: Originalteil (2), Ersatzteil (1), Wartung (1), Retrofit (1).;B;1 Begriffe mit 8 Fundstellen: Hochleistung (8).;C;Schwacher Beleg, nur Innovation (2) auf 8 Seiten.;D;Keiner der Begriffe auf 8 gecrawlten Seiten gefunden.;D;Keiner der Begriffe auf 8 gecrawlten Seiten gefunden.
Hymmen GmbH Maschinen- und Anlagenbau;https://www.hymmen.com/de/;D;38;Schlechter Fit;kein Ausschlusskriterium;2 von 12 Kriterien mit A, 5 mit D. Kernprodukt laut Recherche: Industrielle Digitaldruckanlagen und Lackieranlagen fuer Oberflaechen. Auf der Website 25 Fundstellen zu Kernbegriffen: Digitaldruck (25).;Hoch, recherchiert und Website geprüft, 100 Prozent der Kriterien belegt;33613 Bielefeld;Deutschland;Industrielle Digitaldruckanlagen und Lackieranlagen fuer Oberflaechen;230 (Recherche);46 (abgeleitet);Familienbesitz;industrystock Druckmaschinen;Website: Technologien fuer exzellente Oberflaechen, u. a. industrielle Digitaldruck- und Beschichtungstechnologie fuer Moebel-, Fussboden- und Laminatindustrie.;https://de.linkedin.com/company/hymmen;A;Kernprodukt laut Recherche: Industrielle Digitaldruckanlagen und Lackieranlagen fuer Oberflaechen. Auf der Website 25 Fundstellen zu Kernbegriffen: Digitaldruck (25).;B;Sitz 33613 Bielefeld, Deutschland, im Land der Zielregion (Heidelberg), aber nicht in der Region selbst.;D;230 Mitarbeiter (Recherche, Gesellschaft: https://www.hymmen.com/de/karriere/ (2026: Etwa 230 Mitarbeiter sind heute fuer Hymmen taetig)), deutlich unter dem ICP-Band 1.001 bis 10.000.;D;46 Mio. EUR (aus 230 Mitarbeitern abgeleitet (0,2 Mio. EUR je Kopf, Maschinenbau)), deutlich unter dem ICP-Band rund 2 Mrd. EUR.;B;2 Begriffe mit 6 Fundstellen: präzise (5), Präzision (1).;D;Keiner der Begriffe auf 8 gecrawlten Seiten gefunden.;C;Keiner der Begriffe auf 8 gecrawlten Seiten gefunden. Bauteil- oder Fachvokabular steht selten auf Firmenwebsites, daher kein Abzug bis D.;A;6 Begriffe mit 15 Fundstellen auf 8 Seiten: Wartung (5), Retrofit (4), Ersatzteil (3), Verschleißteil (1).;C;Schwacher Beleg, nur Großserie (1) auf 8 Seiten.;C;Schwacher Beleg, nur Innovation (4) auf 8 Seiten.;D;Keiner der Begriffe auf 8 gecrawlten Seiten gefunden.;D;Keiner der Begriffe auf 8 gecrawlten Seiten gefunden.
Horizon GmbH;https://horizon.de/;D;35;Schlechter Fit;Kein Hersteller (Handel, Service oder Vertrieb): Website horizon.de: Seit dem Eintritt von Horizon in den deutschen und europaeischen Markt;Ausschluss: Kein Hersteller (Handel, Service oder Vertrieb): Website horizon.de: Seit dem Eintritt von Horizon in den deutschen und europaeischen Markt. Im Raster 1 mal A und 4 mal D.;Mittel, nur Website, 73 Prozent der Kriterien belegt;25451 Quickborn;Deutschland;Vertrieb und Service von Horizon-Druckweiterverarbeitungssystemen;k. A.;k. A.;Horizon International Inc. (Japan);"Startliste (Horizon); drupa-Aussteller (bindereport)";"Website horizon.de: Seit dem Eintritt von Horizon in den deutschen und europaeischen Markt 1982; Sammelhefter, Klebebinder, Falzmaschinen des japanischen Herstellers Horizon.";https://de.linkedin.com/company/horizon-gmbh;D;"Kein Hersteller laut Recherche: Website horizon.de: Seit dem Eintritt von Horizon in den deutschen und europaeischen Markt 1982; Sammelhefter, Klebebinder, Falzmaschinen de";B;Sitz 25451 Quickborn, Deutschland, im Land der Zielregion (Heidelberg), aber nicht in der Region selbst.;N;Keine belegte Mitarbeiterzahl (weder Recherche noch Website).;N;Kein Umsatz veröffentlicht und keine Mitarbeiterzahl zum Ableiten.;C;Schwacher Beleg, nur präzise (3) auf 6 Seiten.;B;2 Begriffe mit 7 Fundstellen: Register (5), Bogen (2).;C;Keiner der Begriffe auf 6 gecrawlten Seiten gefunden. Bauteil- oder Fachvokabular steht selten auf Firmenwebsites, daher kein Abzug bis D.;A;2 Begriffe mit 29 Fundstellen auf 6 Seiten: Ersatzteil (15), Wartung (14).;D;Keiner der Begriffe auf 6 gecrawlten Seiten gefunden.;B;1 Begriffe mit 6 Fundstellen: Innovation (6).;D;Keiner der Begriffe auf 6 gecrawlten Seiten gefunden.;D;Keiner der Begriffe auf 6 gecrawlten Seiten gefunden.
TAMPOPRINT GmbH;https://www.tampoprint.com/de-de/;D;34;Schlechter Fit;kein Ausschlusskriterium;1 von 12 Kriterien mit A, 7 mit D, 2 ohne Datenbasis. Kernprodukt laut Recherche: Tampondruckmaschinen, Laser- und Inkjet-Systeme. Auf der Website 158 Fundstellen zu Kernbegriffen: Tampondruck (80), Inkjet (62), Druckmaschine (16).;Mittel, nur Website, 73 Prozent der Kriterien belegt;70825 Korntal-Münchingen;Deutschland;Tampondruckmaschinen, Laser- und Inkjet-Systeme;k. A.;k. A.;;"Startliste; industrystock Tampondruck";Website tampoprint.com: Standard-Tampondruckmaschinen, Tampondruck-Automationen, Druck-Laser-Automationen, CHROMAFORCE Inkjetmaschinen.;https://www.linkedin.com/company/tampoprint-gmbh;A;Kernprodukt laut Recherche: Tampondruckmaschinen, Laser- und Inkjet-Systeme. Auf der Website 158 Fundstellen zu Kernbegriffen: Tampondruck (80), Inkjet (62), Druckmaschine (16).;B;Sitz 70825 Korntal-Münchingen, Deutschland, im Land der Zielregion (Heidelberg), aber nicht in der Region selbst.;N;Keine belegte Mitarbeiterzahl (weder Recherche noch Website).;N;Kein Umsatz veröffentlicht und keine Mitarbeiterzahl zum Ableiten.;D;Keiner der Begriffe auf 8 gecrawlten Seiten gefunden.;D;Keiner der Begriffe auf 8 gecrawlten Seiten gefunden.;C;Keiner der Begriffe auf 8 gecrawlten Seiten gefunden. Bauteil- oder Fachvokabular steht selten auf Firmenwebsites, daher kein Abzug bis D.;D;Keiner der Begriffe auf 8 gecrawlten Seiten gefunden.;D;Keiner der Begriffe auf 8 gecrawlten Seiten gefunden.;D;Keiner der Begriffe auf 8 gecrawlten Seiten gefunden.;D;Keiner der Begriffe auf 8 gecrawlten Seiten gefunden.;D;Keiner der Begriffe auf 8 gecrawlten Seiten gefunden.
POLAR-Mohr Maschinenvertriebsgesellschaft GmbH & Co. KG;https://www.polar-mohr.com/;D;30;Schlechter Fit;kein Ausschlusskriterium;"1 von 12 Kriterien mit A, 7 mit D, 2 ohne Datenbasis. Randbereich der Zielbranche laut Recherche: Schnellschneider und Schneidsysteme fuer die Druckweiterverarbeitung. Hinweis: Insolvenz in Eigenverwaltung 2022; Technologie und Markenrechte Juli 2025, Produktion und Entwicklung bis Juli 2026 von Heidelberger Druckmaschinen uebernommen";Mittel, nur Website, 73 Prozent der Kriterien belegt;65719 Hofheim am Taunus;Deutschland;Schnellschneider und Schneidsysteme fuer die Druckweiterverarbeitung;k. A.;k. A.;Heidelberger Druckmaschinen AG;https://de.wikipedia.org/wiki/Polar_Mohr;"Wikipedia: Hersteller von Maschinen fuer die Druckweiterverarbeitung, insbesondere Schneidemaschinen; Weltmarktfuehrer im Segment.";nicht auf der Website verlinkt;B;Randbereich der Zielbranche laut Recherche: Schnellschneider und Schneidsysteme fuer die Druckweiterverarbeitung.;A;Sitz 65719 Hofheim am Taunus, Deutschland, in der Zielregion Heidelberg.;N;Keine belegte Mitarbeiterzahl (weder Recherche noch Website).;N;Kein Umsatz veröffentlicht und keine Mitarbeiterzahl zum Ableiten.;D;Keiner der Begriffe auf 6 gecrawlten Seiten gefunden.;D;Keiner der Begriffe auf 6 gecrawlten Seiten gefunden.;C;Keiner der Begriffe auf 6 gecrawlten Seiten gefunden. Bauteil- oder Fachvokabular steht selten auf Firmenwebsites, daher kein Abzug bis D.;D;Keiner der Begriffe auf 6 gecrawlten Seiten gefunden.;D;Keiner der Begriffe auf 6 gecrawlten Seiten gefunden.;D;Keiner der Begriffe auf 6 gecrawlten Seiten gefunden.;D;Keiner der Begriffe auf 6 gecrawlten Seiten gefunden.;D;Keiner der Begriffe auf 6 gecrawlten Seiten gefunden.
Lüscher Technologies AG;https://luescher.com/;D;27;Schlechter Fit;kein Ausschlusskriterium;2 von 12 Kriterien mit A, 7 mit D. Randbereich der Zielbranche laut Recherche: Direktbelichter (CtP) fuer Sieb-, Flexo- und Offsetdruckformen. Auf der Website 66 Fundstellen zu Kernbegriffen: Siebdruck (21), Flexodruck (12), Tampondruck (12), Offsetdruck (11).;Hoch, recherchiert und Website geprüft, 100 Prozent der Kriterien belegt;4665 Oftringen;Schweiz;Direktbelichter (CtP) fuer Sieb-, Flexo- und Offsetdruckformen;30 (Recherche);6 (abgeleitet);;Websuche Druckvorstufe Schweiz;"Website: Maschinen MultiDX!, JetScreen!, XPose! fuer Siebdruck, Offsetdruck, Flexodruck und Sicherheitsdruck; Sitz Industriestrasse 17, 4665 Oftringen.";https://www.linkedin.com/company/luescher-technologies-ag;B;Randbereich der Zielbranche laut Recherche: Direktbelichter (CtP) fuer Sieb-, Flexo- und Offsetdruckformen. Auf der Website 66 Fundstellen zu Kernbegriffen: Siebdruck (21), Flexodruck (12), Tampondruck (12), Offsetdruck (11).;C;Sitz 4665 Oftringen, Schweiz, im deutschsprachigen Raum, Zielregion ist Heidelberg.;D;30 Mitarbeiter (Recherche, Gesellschaft: https://luescher.com/ueber-uns/standorte/ (2026: Heute beschaeftigen wir rund 30 hochqualifizierte Mitarbeitende)), deutlich unter dem ICP-Band 1.001 bis 10.000.;D;6 Mio. EUR (aus 30 Mitarbeitern abgeleitet (0,2 Mio. EUR je Kopf, Maschinenbau)), deutlich unter dem ICP-Band rund 2 Mrd. EUR.;D;Keiner der Begriffe auf 9 gecrawlten Seiten gefunden.;D;Keiner der Begriffe auf 9 gecrawlten Seiten gefunden.;C;Keiner der Begriffe auf 9 gecrawlten Seiten gefunden. Bauteil- oder Fachvokabular steht selten auf Firmenwebsites, daher kein Abzug bis D.;A;3 Begriffe mit 24 Fundstellen auf 9 Seiten: Wartung (12), Ersatzteil (11), Lebensdauer (1).;D;Keiner der Begriffe auf 9 gecrawlten Seiten gefunden.;A;3 Begriffe mit 7 Fundstellen auf 9 Seiten: Innovation (4), Entwicklung (2), Patent (1).;D;Keiner der Begriffe auf 9 gecrawlten Seiten gefunden.;D;Keiner der Begriffe auf 9 gecrawlten Seiten gefunden.
