Firma;Website;Gesamtbewertung;Punkte;Einstufung;Ausschlussgrund;Kurzbegründung;Datenqualität;Ort;Land;Produktkategorien;Mitarbeiter;Umsatz (Mio. EUR);Konzernmutter;Quelle;Beleg;LinkedIn Firmenprofil URL;F1 Branche;F1 Begründung;F2 Region;F2 Begründung;F3 Mitarbeiterzahl;F3 Begründung;F4 Jahresumsatz;F4 Begründung;B1 Präzisionsanspruch bei Kernbauteilen;B1 Begründung;B2 Eigene Fertigung von Kernbauteilen;B2 Begründung;B3 Elektrische Antriebe und Kugelgewindetriebe in den Maschinen;B3 Begründung;B4 Produktivität, Rüst- und Nebenzeiten;B4 Begründung;B5 Energieeffizienz;B5 Begründung;B6 Qualität und Ausschussreduktion;B6 Begründung;B7 Strukturierter Einkauf und Lieferantenmanagement;B7 Begründung;B8 Entwicklung und Konstruktion im Haus;B8 Begründung
KraussMaffei Technologies GmbH;https://www.kraussmaffei.com/de;A;98;Starker Fit;kein Ausschlusskriterium;11 von 12 Kriterien mit A, 0 mit D. Kernprodukt laut Recherche: Spritzgießmaschinen, Extrusionsanlagen, Reaktionstechnik, Automation. Auf der Website 107 Fundstellen zu Kernbegriffen: Spritzgießtechnik (74), Spritzgießmaschine (24), Spritzgießen (3), Spritzeinheit (2).;Hoch, recherchiert und Website geprüft, 100 Prozent der Kriterien belegt;85599 Parsdorf;Deutschland;Spritzgießmaschinen, Extrusionsanlagen, Reaktionstechnik, Automation;4.200 (Recherche);1.370 (Recherche);"KraussMaffei Group GmbH, Parsdorf; darüber KraussMaffei Company Ltd. (Shanghai), ChemChina/Sinochem";VDMA-Mitgliederliste, Startliste;Die Unternehmensseite nennt als Spritzgießtechnik vollelektrische und hydraulische Spritzgießmaschinen der Baureihen PX, CX, GX und MX samt Automation (https://www.kraussmaffei.com/de/unternehmen).;https://www.linkedin.com/company/krauss-maffei;A;Kernprodukt laut Recherche: Spritzgießmaschinen, Extrusionsanlagen, Reaktionstechnik, Automation. Auf der Website 107 Fundstellen zu Kernbegriffen: Spritzgießtechnik (74), Spritzgießmaschine (24), Spritzgießen (3), Spritzeinheit (2).;B;Sitz 85599 Parsdorf, Deutschland, Nachbarland im deutschsprachigen Raum, Zielland ist Österreich.;A;4.200 Mitarbeiter (Recherche, Gruppe: https://www.kraussmaffei.com/de/unternehmen (Stand 2026, Gruppe weltweit)), im ICP-Band 1.001 bis 10.000.;A;1,4 Mrd. EUR (Recherche: https://de.wikipedia.org/wiki/Krauss-Maffei (Geschäftsjahr 2017, Gruppe)), im ICP-Band rund 1,6 Mrd. EUR.;A;4 Begriffe mit 7 Fundstellen auf 10 Seiten: Präzision (3), präzise (2), Toleranz (1), Wiederholgenauigkeit (1).;A;3 Begriffe mit 12 Fundstellen auf 10 Seiten: Fräsen (10), Zerspanung (1), Montage (1).;A;5 Begriffe mit 51 Fundstellen auf 10 Seiten: vollelektrisch (37), hybrid (11), Servoantrieb (1), Antriebstechnik (1).;A;3 Begriffe mit 5 Fundstellen auf 10 Seiten: Produktivität (2), Zykluszeit (2), Trockenlaufzeit (1).;A;4 Begriffe mit 9 Fundstellen auf 10 Seiten: Energieeffizien (4), energieeffizient (2), Nachhaltigkeit (2), Energieeinsparung (1).;A;2 Begriffe mit 4 Fundstellen auf 10 Seiten: prozesssicher (2), Prozesssicherheit (2).;A;5 Begriffe mit 42 Fundstellen auf 10 Seiten: Einkauf (26), Lieferant (12), Code of Conduct (2), Beschaffung (1).;A;4 Begriffe mit 11 Fundstellen auf 10 Seiten: Entwicklung (6), Innovation (3), Konstruktion (1), Patent (1).
ARBURG GmbH + Co KG;https://www.arburg.com/de/;A;88;Starker Fit;kein Ausschlusskriterium;7 von 12 Kriterien mit A, 0 mit D. Kernprodukt laut Recherche: Kunststoffspritzgießmaschinen, Robot-Systeme, additive Fertigung (Freeformer). Auf der Website 124 Fundstellen zu Kernbegriffen: Spritzgießen (65), Spritzgießmaschine (34), Silikon (14), Spritzguss (3).;Hoch, recherchiert und Website geprüft, 100 Prozent der Kriterien belegt;72290 Loßburg;Deutschland;Kunststoffspritzgießmaschinen, Robot-Systeme, additive Fertigung (Freeformer);3.148 (Recherche);878 (Recherche);Familien Hehl und Keinath (Hehl International GmbH + Co. KG);VDMA-Mitgliederliste, KunststoffWeb, Startliste;Wikipedia beschreibt Arburg als Maschinenbauunternehmen mit Spezialisierung auf Kunststoffspritzgießmaschinen samt modularen Robot-Systemen und Maschinenperipherie (https://de.wikipedia.org/wiki/Arburg_(Unternehmen)).;https://www.linkedin.com/company/arburg-gmbh-co-kg;A;Kernprodukt laut Recherche: Kunststoffspritzgießmaschinen, Robot-Systeme, additive Fertigung (Freeformer). Auf der Website 124 Fundstellen zu Kernbegriffen: Spritzgießen (65), Spritzgießmaschine (34), Silikon (14), Spritzguss (3).;B;Sitz 72290 Loßburg, Deutschland, Nachbarland im deutschsprachigen Raum, Zielland ist Österreich.;A;3.148 Mitarbeiter (Recherche, Gruppe: https://de.wikipedia.org/wiki/Arburg_(Unternehmen) (Stand 31.12.2022)), im ICP-Band 1.001 bis 10.000.;A;878 Mio. EUR (Recherche: https://de.wikipedia.org/wiki/Arburg_(Unternehmen) (Geschäftsjahr 2022, Gruppe)), im ICP-Band rund 1,6 Mrd. EUR.;B;2 Begriffe mit 3 Fundstellen: präzise (2), Reproduzierbarkeit (1).;C;Schwacher Beleg, nur Eigenfertigung (2) auf 10 Seiten.;A;1 Begriffe mit 12 Fundstellen auf 10 Seiten: hybrid (12).;A;3 Begriffe mit 31 Fundstellen auf 10 Seiten: Produktivität (11), Zykluszeit (10), Maschinenverfügbarkeit (10).;A;1 Begriffe mit 31 Fundstellen auf 10 Seiten: Nachhaltigkeit (31).;A;6 Begriffe mit 32 Fundstellen auf 10 Seiten: Teilequalität (10), Prozessstabilität (10), zertifiziert (5), Qualitätsmanagement (4).;B;1 Begriffe mit 1 Fundstellen: Lieferant (1).;B;2 Begriffe mit 4 Fundstellen: Entwicklung (2), Innovation (2).
KraussMaffei (Schweiz) AG;https://www.kraussmaffei.com/de;B;84;Guter Fit;kein Ausschlusskriterium;9 von 12 Kriterien mit A, 0 mit D. Kernprodukt laut Recherche: Spritzgießmaschinen, Vertrieb und Service Schweiz. Auf der Website 107 Fundstellen zu Kernbegriffen: Spritzgießtechnik (74), Spritzgießmaschine (24), Spritzgießen (3), Spritzeinheit (2).;Mittel, nur Website, 100 Prozent der Kriterien belegt;6343 Rotkreuz;Schweiz;Spritzgießmaschinen, Vertrieb und Service Schweiz;4.200 (Website);840 (abgeleitet);KraussMaffei Group GmbH (Sinochem, China);Websuche, swissplastics.ch Firmenverzeichnis;Die KraussMaffei (Schweiz) AG tritt im Schweizer Kunststoffverbands-Verzeichnis als Anbieter der KraussMaffei Spritzgießmaschinen auf, unter anderem der neuen vollelektrischen PX-Baureihe (https://www.swissplastics.ch/de/p/kraussmaffei-schweiz-ag.10595).;https://www.linkedin.com/company/krauss-maffei;A;Kernprodukt laut Recherche: Spritzgießmaschinen, Vertrieb und Service Schweiz. Auf der Website 107 Fundstellen zu Kernbegriffen: Spritzgießtechnik (74), Spritzgießmaschine (24), Spritzgießen (3), Spritzeinheit (2).;B;Sitz 6343 Rotkreuz, Schweiz, Nachbarland im deutschsprachigen Raum, Zielland ist Österreich.;C;4.200 Mitarbeiter stehen auf der Website, die Zahl gehört aber zur Gruppe (KraussMaffei Group GmbH (Sinochem, China)). Zahl der Einzelgesellschaft unbelegt, in der Nachprüfung zu klären.;B;840 Mio. EUR (aus 4.200 Mitarbeitern abgeleitet (0,2 Mio. EUR je Kopf, Maschinenbau)), im ICP-Band, Wert nur abgeleitet rund 1,6 Mrd. EUR.;A;4 Begriffe mit 7 Fundstellen auf 10 Seiten: Präzision (3), präzise (2), Toleranz (1), Wiederholgenauigkeit (1).;A;3 Begriffe mit 12 Fundstellen auf 10 Seiten: Fräsen (10), Zerspanung (1), Montage (1).;A;5 Begriffe mit 51 Fundstellen auf 10 Seiten: vollelektrisch (37), hybrid (11), Servoantrieb (1), Antriebstechnik (1).;A;3 Begriffe mit 5 Fundstellen auf 10 Seiten: Produktivität (2), Zykluszeit (2), Trockenlaufzeit (1).;A;4 Begriffe mit 9 Fundstellen auf 10 Seiten: Energieeffizien (4), energieeffizient (2), Nachhaltigkeit (2), Energieeinsparung (1).;A;2 Begriffe mit 4 Fundstellen auf 10 Seiten: prozesssicher (2), Prozesssicherheit (2).;A;5 Begriffe mit 42 Fundstellen auf 10 Seiten: Einkauf (26), Lieferant (12), Code of Conduct (2), Beschaffung (1).;A;4 Begriffe mit 11 Fundstellen auf 10 Seiten: Entwicklung (6), Innovation (3), Konstruktion (1), Patent (1).
BILLION KUNSTSTOFFTECHNIK GmbH;https://www.billion.fr/de/;B;80;Guter Fit;kein Ausschlusskriterium;5 von 12 Kriterien mit A, 0 mit D, 2 ohne Datenbasis. Kernprodukt laut Recherche: Vertrieb und Service von Billion Spritzgiessmaschinen. Auf der Website 37 Fundstellen zu Kernbegriffen: Spritzgießmaschine (16), Spritzguss (15), Spritzgiessmaschine (3), Spritzgießen (2).;Mittel, nur Website, 74 Prozent der Kriterien belegt;83139 Soechtenau;Deutschland;Vertrieb und Service von Billion Spritzgiessmaschinen;k. A.;k. A.;BILLION SAS (Bellignat, Frankreich);technik-einkauf, Websuche, Startliste;Die deutsche Website tritt unter dem Titel Billion, Hersteller von Spritzgiessmaschinen auf und fuehrt die Baureihen SELECT, HERCULE, GM und Vulcan mit 400 bis 26500 kN Schliesskraft (http://www.billion-kunststofftechnik.de/, plasticker Anbieterprofil https://plasticker.de/Anbieterprofil_721_BILLION_KUNSTSTOFFTECHNIK_GmbH);https://www.linkedin.com/company/billion-injection-molding-machinery;A;Kernprodukt laut Recherche: Vertrieb und Service von Billion Spritzgiessmaschinen. Auf der Website 37 Fundstellen zu Kernbegriffen: Spritzgießmaschine (16), Spritzguss (15), Spritzgiessmaschine (3), Spritzgießen (2).;B;Sitz 83139 Soechtenau, Deutschland, Nachbarland im deutschsprachigen Raum, Zielland ist Österreich.;N;Keine belegte Mitarbeiterzahl (weder Recherche noch Website).;N;Kein Umsatz veröffentlicht und keine Mitarbeiterzahl zum Ableiten.;B;2 Begriffe mit 4 Fundstellen: Präzision (2), präzise (2).;C;Schwacher Beleg, nur Bearbeitungszentr (1) auf 8 Seiten.;A;4 Begriffe mit 13 Fundstellen auf 8 Seiten: vollelektrisch (8), Spindel (3), elektrische Spritzgieß (1), Servomotor (1).;C;Schwacher Beleg, nur Produktivität (4) auf 8 Seiten.;B;2 Begriffe mit 2 Fundstellen: Energieeinsparung (1), energiesparend (1).;A;3 Begriffe mit 5 Fundstellen auf 8 Seiten: ISO 9001 (2), zertifiziert (2), Ausschuss (1).;A;2 Begriffe mit 2 Fundstellen auf 8 Seiten: Einkauf (1), Lieferant (1).;A;4 Begriffe mit 36 Fundstellen auf 8 Seiten: Innovation (16), Technikum (16), Entwicklung (3), Patent (1).
BMB Germany GmbH;https://www.bmb-spa.com/;B;80;Guter Fit;kein Ausschlusskriterium;4 von 12 Kriterien mit A, 1 mit D, 2 ohne Datenbasis. Kernprodukt laut Recherche: Vertrieb und Service von BMB Spritzgiessmaschinen. Auf der Website 2 Fundstellen zu Kernbegriffen: injection moulding machine (1), injection moulding (1).;Mittel, nur Website, 74 Prozent der Kriterien belegt;53113 Bonn;Deutschland;Vertrieb und Service von BMB Spritzgiessmaschinen;k. A.;k. A.;BMB S.p.A. (Brescia, Italien);Websuche, Startliste (BMB Deutschland);"Unternehmensgegenstand laut Register: Vertrieb, Ankauf, Service und Reparatur von Spritzgiessmaschinen (https://www.northdata.de/BMB+Germany+GmbH,+Bonn/HRB+25895); Produktprogramm des Herstellers: vollelektrische und hybride Spritzgiessmaschinen eKW, eMC, KW, KX (https://www.bmb-spa.com/en/company/)";nicht auf der Website verlinkt;A;Kernprodukt laut Recherche: Vertrieb und Service von BMB Spritzgiessmaschinen. Auf der Website 2 Fundstellen zu Kernbegriffen: injection moulding machine (1), injection moulding (1).;B;Sitz 53113 Bonn, Deutschland, Nachbarland im deutschsprachigen Raum, Zielland ist Österreich.;N;Keine belegte Mitarbeiterzahl (weder Recherche noch Website).;N;Kein Umsatz veröffentlicht und keine Mitarbeiterzahl zum Ableiten.;A;3 Begriffe mit 6 Fundstellen auf 6 Seiten: precision (3), accuracy (2), repeatab (1).;B;2 Begriffe mit 3 Fundstellen: CNC (2), machining (1).;A;2 Begriffe mit 20 Fundstellen auf 6 Seiten: hybrid (14), toggle (6).;B;2 Begriffe mit 2 Fundstellen: productivity (1), cycle time (1).;B;2 Begriffe mit 2 Fundstellen: energy efficien (1), energy consumption (1).;D;Keiner der Begriffe auf 6 gecrawlten Seiten gefunden.;B;1 Begriffe mit 9 Fundstellen: Supplier (9).;A;3 Begriffe mit 6 Fundstellen auf 6 Seiten: Innovation (4), R&D (1), engineering (1).
Wittmann Technology GmbH;https://www.wittmann-group.com/de_de;B;79;Guter Fit;kein Ausschlusskriterium;7 von 12 Kriterien mit A, 0 mit D. Randbereich der Zielbranche laut Recherche: Roboter, Peripheriegeräte, Konzernmutter der Wittmann Gruppe. Auf der Website 55 Fundstellen zu Kernbegriffen: Spritzgießmaschine (18), Spritzgießtechnik (18), Silikon (9), Spritzguss (8).;Hoch, recherchiert und Website geprüft, 100 Prozent der Kriterien belegt;1220 Wien;Österreich;Roboter, Peripheriegeräte, Konzernmutter der Wittmann Gruppe;2.301 (Website);340 (Recherche);;Startliste, Wittmann Gruppe Website;Die Wittmann Gruppe mit Hauptsitz in Wien und Kottingbrunn ist ein weltweit tätiges Unternehmen mit 10 Produktionsstätten in 7 Ländern und 35 Niederlassungen (https://www.wittmann-group.com/en/about-wittmann-group).;https://www.linkedin.com/company/wittmannbattenfelddeutschland;B;Randbereich der Zielbranche laut Recherche: Roboter, Peripheriegeräte, Konzernmutter der Wittmann Gruppe. Auf der Website 55 Fundstellen zu Kernbegriffen: Spritzgießmaschine (18), Spritzgießtechnik (18), Silikon (9), Spritzguss (8).;A;Sitz 1220 Wien, Österreich, im Zielland Österreich.;B;2.301 Mitarbeiter (Eigendarstellung auf der Website), im ICP-Band, aber nur per Eigendarstellung belegt 1.001 bis 10.000.;C;340 Mio. EUR (Recherche: https://www.k-zeitung.de/top-12-ranking-spritzgiessmaschinen-hersteller-umsatz-2024-2025 (Umsatz Wittmann Gruppe 2024: 340 Mio. EUR)), unter dem ICP-Band rund 1,6 Mrd. EUR.;A;3 Begriffe mit 6 Fundstellen auf 9 Seiten: Präzision (4), Reproduzierbarkeit (1), precision (1).;B;2 Begriffe mit 4 Fundstellen: Produktionswerk (3), Produktionsstandort (1).;B;2 Begriffe mit 2 Fundstellen: vollelektrisch (1), hybrid (1).;A;3 Begriffe mit 4 Fundstellen auf 9 Seiten: Produktivität (2), Zykluszeit (1), Maschinenverfügbarkeit (1).;A;5 Begriffe mit 36 Fundstellen auf 9 Seiten: Nachhaltigkeit (13), Energieeffizien (12), energieeffizient (8), Energieverbrauch (2).;A;3 Begriffe mit 12 Fundstellen auf 9 Seiten: zertifiziert (10), Teilequalität (1), Reproduzierbarkeit (1).;A;4 Begriffe mit 6 Fundstellen auf 9 Seiten: Einkauf (2), Supplier (2), Beschaffung (1), Einkaufsbedingungen (1).;A;5 Begriffe mit 39 Fundstellen auf 9 Seiten: Innovation (32), Entwicklung (3), Konstrukteur (2), Forschung und Entwicklung (1).
Wittmann Battenfeld GmbH;https://www.wittmann-group.com/de_de;B;78;Guter Fit;kein Ausschlusskriterium;8 von 12 Kriterien mit A, 0 mit D. Kernprodukt laut Recherche: Spritzgießmaschinen, vollelektrisch, hydraulisch, Vertikalmaschinen. Auf der Website 55 Fundstellen zu Kernbegriffen: Spritzgießmaschine (18), Spritzgießtechnik (18), Silikon (9), Spritzguss (8).;Mittel, nur Website, 100 Prozent der Kriterien belegt;2542 Kottingbrunn;Österreich;Spritzgießmaschinen, vollelektrisch, hydraulisch, Vertikalmaschinen;2.301 (Website);460 (abgeleitet);Wittmann Technology GmbH, Wien (Österreich);VDMA Mitgliederliste, KunststoffWeb, Fakuma, Startliste;"Die Wittmann Gruppe mit Sitz in Wien und Kottingbrunn betreibt 10 Produktionsstandorte in 7 Ländern; in Kottingbrunn werden die Spritzgießmaschinen der Baureihen EcoPower, MacroPower, MicroPower, SmartPower und die Vertikalmaschinen gebaut (https://www.wittmann-group.com/en/about-wittmann-group).";https://www.linkedin.com/company/wittmannbattenfelddeutschland;A;Kernprodukt laut Recherche: Spritzgießmaschinen, vollelektrisch, hydraulisch, Vertikalmaschinen. Auf der Website 55 Fundstellen zu Kernbegriffen: Spritzgießmaschine (18), Spritzgießtechnik (18), Silikon (9), Spritzguss (8).;A;Sitz 2542 Kottingbrunn, Österreich, im Zielland Österreich.;C;2.301 Mitarbeiter stehen auf der Website, die Zahl gehört aber zur Gruppe (Wittmann Technology GmbH, Wien (Österreich)). Zahl der Einzelgesellschaft unbelegt, in der Nachprüfung zu klären.;C;460 Mio. EUR (aus 2.301 Mitarbeitern abgeleitet (0,2 Mio. EUR je Kopf, Maschinenbau)), unter dem ICP-Band rund 1,6 Mrd. EUR.;A;3 Begriffe mit 6 Fundstellen auf 9 Seiten: Präzision (4), Reproduzierbarkeit (1), precision (1).;B;2 Begriffe mit 4 Fundstellen: Produktionswerk (3), Produktionsstandort (1).;B;2 Begriffe mit 2 Fundstellen: vollelektrisch (1), hybrid (1).;A;3 Begriffe mit 4 Fundstellen auf 9 Seiten: Produktivität (2), Zykluszeit (1), Maschinenverfügbarkeit (1).;A;5 Begriffe mit 36 Fundstellen auf 9 Seiten: Nachhaltigkeit (13), Energieeffizien (12), energieeffizient (8), Energieverbrauch (2).;A;3 Begriffe mit 12 Fundstellen auf 9 Seiten: zertifiziert (10), Teilequalität (1), Reproduzierbarkeit (1).;A;4 Begriffe mit 6 Fundstellen auf 9 Seiten: Einkauf (2), Supplier (2), Beschaffung (1), Einkaufsbedingungen (1).;A;5 Begriffe mit 39 Fundstellen auf 9 Seiten: Innovation (32), Entwicklung (3), Konstrukteur (2), Forschung und Entwicklung (1).
Arburg AG;https://www.arburg.com/de/ch/;B;74;Guter Fit;kein Ausschlusskriterium;5 von 12 Kriterien mit A, 0 mit D. Kernprodukt laut Recherche: Spritzgießmaschinen Allrounder, Vertrieb und Service Schweiz. Auf der Website 123 Fundstellen zu Kernbegriffen: Spritzgießen (74), Spritzgiessmaschine (20), Spritzgießmaschine (14), Silikon (4).;Mittel, nur Website, 100 Prozent der Kriterien belegt;3110 Münsingen;Schweiz;Spritzgießmaschinen Allrounder, Vertrieb und Service Schweiz;3.400 (Website);680 (abgeleitet);ARBURG GmbH + Co KG (Deutschland);Websuche, swissplastics.ch Firmenverzeichnis;Das Schweizer Kunststoffverbands-Verzeichnis führt ARBURG mit Sitz in Münsingen und der Website arburg.ch als Anbieter der Allrounder-Spritzgießmaschinen (https://www.swissplastics.ch/de/p/arburg.10597).;nicht auf der Website verlinkt;A;Kernprodukt laut Recherche: Spritzgießmaschinen Allrounder, Vertrieb und Service Schweiz. Auf der Website 123 Fundstellen zu Kernbegriffen: Spritzgießen (74), Spritzgiessmaschine (20), Spritzgießmaschine (14), Silikon (4).;B;Sitz 3110 Münsingen, Schweiz, Nachbarland im deutschsprachigen Raum, Zielland ist Österreich.;C;3.400 Mitarbeiter stehen auf der Website, die Zahl gehört aber zur Gruppe (ARBURG GmbH + Co KG (Deutschland)). Zahl der Einzelgesellschaft unbelegt, in der Nachprüfung zu klären.;B;680 Mio. EUR (aus 3.400 Mitarbeitern abgeleitet (0,2 Mio. EUR je Kopf, Maschinenbau)), knapp unter dem ICP-Band rund 1,6 Mrd. EUR.;B;2 Begriffe mit 3 Fundstellen: präzise (2), Reproduzierbarkeit (1).;C;Schwacher Beleg, nur Eigenfertigung (2) auf 10 Seiten.;A;1 Begriffe mit 12 Fundstellen auf 10 Seiten: hybrid (12).;A;3 Begriffe mit 31 Fundstellen auf 10 Seiten: Produktivität (11), Zykluszeit (10), Maschinenverfügbarkeit (10).;A;1 Begriffe mit 31 Fundstellen auf 10 Seiten: Nachhaltigkeit (31).;A;6 Begriffe mit 32 Fundstellen auf 10 Seiten: Teilequalität (10), Prozessstabilität (10), zertifiziert (5), Qualitätsmanagement (4).;B;1 Begriffe mit 1 Fundstellen: Lieferant (1).;B;2 Begriffe mit 4 Fundstellen: Entwicklung (2), Innovation (2).
Otto Männer GmbH;https://spectrix.com/en/maenner/;B;74;Guter Fit;kein Ausschlusskriterium;3 von 12 Kriterien mit A, 0 mit D, 4 ohne Datenbasis. Randbereich der Zielbranche laut Recherche: Heißkanalsysteme, Nadelverschluss, Präzisions-Spritzgießwerkzeuge, Systemlösungen. Auf der Website 6 Fundstellen zu Kernbegriffen: injection moulding (4), Spritzguss (1), Spritzgießen (1).;Hoch, recherchiert, 73 Prozent der Kriterien belegt;79353 Bahlingen am Kaiserstuhl;Deutschland;Heißkanalsysteme, Nadelverschluss, Präzisions-Spritzgießwerkzeuge, Systemlösungen;2.000 (Recherche);400 (abgeleitet);"SPECTRIX (Barnes Group Acquisition GmbH, Bahlingen; bis April 2026 Barnes Molding Solutions), Endeigentümer Fonds von Apollo Global Management (USA)";Startliste;VORLÄUFIG;https://www.linkedin.com/company/maenner-group;B;Randbereich der Zielbranche laut Recherche: Heißkanalsysteme, Nadelverschluss, Präzisions-Spritzgießwerkzeuge, Systemlösungen. Auf der Website 6 Fundstellen zu Kernbegriffen: injection moulding (4), Spritzguss (1), Spritzgießen (1).;B;Sitz 79353 Bahlingen am Kaiserstuhl, Deutschland, Nachbarland im deutschsprachigen Raum, Zielland ist Österreich.;A;2.000 Mitarbeiter (Recherche, Gruppe: https://spectrix.com/en/press/barnes-molding-solutions-becomes-spectrix (2026, SPECTRIX-Gruppe: 2.000 Spezialisten weltweit)), im ICP-Band 1.001 bis 10.000.;C;400 Mio. EUR (aus 2.000 Mitarbeitern abgeleitet (0,2 Mio. EUR je Kopf, Maschinenbau)), unter dem ICP-Band rund 1,6 Mrd. EUR.;A;4 Begriffe mit 10 Fundstellen auf 2 Seiten: precision (6), accuracy (2), Präzision (1), präzise (1).;N;Kein Treffer, aber nur 2 Seite(n) abrufbar. Nicht belegbar.;N;Kein Treffer, aber nur 2 Seite(n) abrufbar. Nicht belegbar.;N;Kein Treffer, aber nur 2 Seite(n) abrufbar. Nicht belegbar.;N;Kein Treffer, aber nur 2 Seite(n) abrufbar. Nicht belegbar.;A;2 Begriffe mit 2 Fundstellen auf 2 Seiten: scrap rate (1), process stability (1).;B;1 Begriffe mit 1 Fundstellen: Procurement (1).;C;Schwacher Beleg, nur Innovation (1) auf 2 Seiten.
ENGEL AUSTRIA GmbH;https://www.engelglobal.com/;B;73;Guter Fit;kein Ausschlusskriterium;5 von 12 Kriterien mit A, 1 mit D. Kernprodukt laut Recherche: Spritzgießmaschinen, Automatisierung, integrierte Produktionszellen. Auf der Website 39 Fundstellen zu Kernbegriffen: Schließkraft (15), Spritzeinheit (9), clamping force (5), Spritzgießmaschine (4).;Hoch, recherchiert und Website geprüft, 100 Prozent der Kriterien belegt;4311 Schwertberg;Österreich;Spritzgießmaschinen, Automatisierung, integrierte Produktionszellen;7.000 (Recherche);1.400 (Recherche);100 Prozent Familienbesitz (Familie Engel);VDMA, KunststoffWeb, Startliste;"Startseite: Mit der Entwicklung und Produktion von Spritzgießmaschinen, Technologien und digitalen Lösungen prägen wir bei ENGEL die Kunststoffverarbeitung der Zukunft; Schließkraftbereich 280 kN bis 55.000 kN (https://www.engelglobal.com/de/de)";https://de.linkedin.com/company/engel-global;A;Kernprodukt laut Recherche: Spritzgießmaschinen, Automatisierung, integrierte Produktionszellen. Auf der Website 39 Fundstellen zu Kernbegriffen: Schließkraft (15), Spritzeinheit (9), clamping force (5), Spritzgießmaschine (4).;A;Sitz 4311 Schwertberg, Österreich, im Zielland Österreich.;A;"7.000 Mitarbeiter (Recherche, Gruppe: https://www.engelglobal.com/de/de/unternehmen/engel-spritzgiessen (2026, ca. 7.000 Mitarbeiter weltweit; ebenso Wikipedia-Infobox Stand 2026-06-16)), im ICP-Band 1.001 bis 10.000.";A;"1,4 Mrd. EUR (Recherche: https://www.engelglobal.com/de/de/unternehmen/engel-spritzgiessen (Geschäftsjahr 2025/26: 1,4 Mrd. EUR weltweit; ebenso https://de.wikipedia.org/wiki/Engel_Austria Stand 2026-06-16)), im ICP-Band rund 1,6 Mrd. EUR.";C;Schwacher Beleg, nur präzise (2) auf 4 Seiten.;C;Schwacher Beleg, nur Montage (2) auf 4 Seiten.;C;Schwacher Beleg, nur hybrid (2) auf 4 Seiten.;D;Keiner der Begriffe auf 4 gecrawlten Seiten gefunden.;B;1 Begriffe mit 7 Fundstellen: Nachhaltigkeit (7).;B;1 Begriffe mit 3 Fundstellen: Qualitätsmanagement (3).;A;4 Begriffe mit 17 Fundstellen auf 4 Seiten: Lieferant (8), Einkauf (3), Lieferantenportal (3), Purchasing (3).;B;2 Begriffe mit 6 Fundstellen: Innovation (4), Konstruktion (2).
MAPLAN GmbH;https://www.maplan.at/;B;73;Guter Fit;kein Ausschlusskriterium;6 von 12 Kriterien mit A, 0 mit D, 2 ohne Datenbasis. Kernprodukt laut Recherche: Elastomer-Spritzgießmaschinen für Gummi und Silikon. Auf der Website 80 Fundstellen zu Kernbegriffen: Spritzeinheit (35), Spritzgiessmaschine (33), Spritzgießmaschine (5), Elastomer (4).;Mittel, nur Website, 74 Prozent der Kriterien belegt;2542 Kottingbrunn;Österreich;Elastomer-Spritzgießmaschinen für Gummi und Silikon;k. A.;k. A.;Soulier Group (Österreich);VDMA Mitgliederliste, KunststoffWeb, technik-einkauf, Startliste;Maplan bezeichnet sich als führender Hersteller von Elastomer-Spritzgießmaschinen und Experte für 360-Grad-Systemlösungen für die Produktion von Gummi- und Silikonprodukten (https://www.maplan.at/de/unternehmen/).;https://www.linkedin.com/company/maplan;A;Kernprodukt laut Recherche: Elastomer-Spritzgießmaschinen für Gummi und Silikon. Auf der Website 80 Fundstellen zu Kernbegriffen: Spritzeinheit (35), Spritzgiessmaschine (33), Spritzgießmaschine (5), Elastomer (4).;A;Sitz 2542 Kottingbrunn, Österreich, im Zielland Österreich.;N;Keine belegte Mitarbeiterzahl (weder Recherche noch Website).;N;Kein Umsatz veröffentlicht und keine Mitarbeiterzahl zum Ableiten.;C;Schwacher Beleg, nur Wiederholgenauigkeit (1) auf 10 Seiten.;C;Schwacher Beleg, nur Produktionsstandort (1) auf 10 Seiten.;C;Schwacher Beleg, nur Servoantrieb (1) auf 10 Seiten.;C;Schwacher Beleg, nur Produktivität (2) auf 10 Seiten.;A;5 Begriffe mit 7 Fundstellen auf 10 Seiten: Energieeffizien (2), Nachhaltigkeit (2), energieeffizient (1), Energieverbrauch (1).;A;3 Begriffe mit 5 Fundstellen auf 10 Seiten: Ausschuss (3), Teilequalität (1), prozesssicher (1).;A;2 Begriffe mit 129 Fundstellen auf 10 Seiten: Einkauf (80), Lieferant (49).;A;3 Begriffe mit 5 Fundstellen auf 10 Seiten: Innovation (3), Entwicklung (1), Technikum (1).
Meusburger Georg GmbH & Co KG;https://www.meusburger.com/de-de;B;71;Guter Fit;kein Ausschlusskriterium;7 von 12 Kriterien mit A, 1 mit D. Randbereich der Zielbranche laut Recherche: Normalien für Formaufbauten und Stanzwerkzeuge, Heißkanaltechnik. Auf der Website 49 Fundstellen zu Kernbegriffen: Elastomer (36), Spritzguss (11), Spritzgießen (2).;Hoch, recherchiert und Website geprüft, 100 Prozent der Kriterien belegt;6960 Wolfurt;Österreich;Normalien für Formaufbauten und Stanzwerkzeuge, Heißkanaltechnik;1.200 (Recherche);273 (Recherche);Familienbesitz (Meusburger Holding GmbH und GBCM Holding GmbH);Startliste;Die Website bezeichnet Meusburger als Marktführer für hochpräzise Normalien mit den Produktbereichen Formaufbauten, Platten, Einbauteile, Heißkanaltechnik und Werkstattbedarf, https://www.meusburger.com/de-de/;https://www.linkedin.com/company/meusburger-georg-gmbh-&amp;B;Randbereich der Zielbranche laut Recherche: Normalien für Formaufbauten und Stanzwerkzeuge, Heißkanaltechnik. Auf der Website 49 Fundstellen zu Kernbegriffen: Elastomer (36), Spritzguss (11), Spritzgießen (2).;A;Sitz 6960 Wolfurt, Österreich, im Zielland Österreich.;A;1.200 Mitarbeiter (Recherche, Gruppe: https://de.wikipedia.org/wiki/Meusburger_Georg (Stand 2025)), im ICP-Band 1.001 bis 10.000.;D;273 Mio. EUR (Recherche: https://de.wikipedia.org/wiki/Meusburger_Georg (Geschäftsjahr 2025)), deutlich unter dem ICP-Band rund 1,6 Mrd. EUR.;A;2 Begriffe mit 31 Fundstellen auf 9 Seiten: präzise (19), Präzision (12).;A;3 Begriffe mit 29 Fundstellen auf 9 Seiten: Schleifen (27), Zerspanung (1), Fräsen (1).;C;Keiner der Begriffe auf 9 gecrawlten Seiten gefunden. Bauteil- oder Fachvokabular steht selten auf Firmenwebsites, daher kein Abzug bis D.;C;Schwacher Beleg, nur Produktivität (1) auf 9 Seiten.;C;Schwacher Beleg, nur Nachhaltigkeit (1) auf 9 Seiten.;A;2 Begriffe mit 5 Fundstellen auf 9 Seiten: Prozessstabilität (4), Qualitätsmanagement (1).;A;4 Begriffe mit 36 Fundstellen auf 9 Seiten: Einkauf (17), Lieferant (13), Einkaufsbedingungen (3), Supply Chain (3).;A;3 Begriffe mit 110 Fundstellen auf 9 Seiten: Konstruktion (104), Innovation (4), Entwicklung (2).
Sumitomo (SHI) Demag Plastics Machinery GmbH;https://www.sumitomo-shi-demag.eu/;C;68;Bedingter Fit;kein Ausschlusskriterium;5 von 12 Kriterien mit A, 2 mit D. Kernprodukt laut Recherche: Vollelektrische und hybride Spritzgießmaschinen (IntElect, El-Exis, Systec). Auf der Website 47 Fundstellen zu Kernbegriffen: injection moulding (32), injection moulding machine (10), LSR (4), clamping force (1).;Hoch, recherchiert und Website geprüft, 100 Prozent der Kriterien belegt;90571 Schwaig;Deutschland;Vollelektrische und hybride Spritzgießmaschinen (IntElect, El-Exis, Systec);878 (Recherche);240 (Recherche);Sumitomo Heavy Industries, Ltd. (Japan);VDMA-Mitgliederliste, KunststoffWeb, Startliste;Wikipedia bezeichnet die Firma als weltweit führenden Hersteller von Spritzgießmaschinen zur Verarbeitung von Kunststoffen mit Schließkräften von 500 bis 15000 kN (https://de.wikipedia.org/wiki/Sumitomo_(SHI)_Demag).;https://www.linkedin.com/company/5097327;A;Kernprodukt laut Recherche: Vollelektrische und hybride Spritzgießmaschinen (IntElect, El-Exis, Systec). Auf der Website 47 Fundstellen zu Kernbegriffen: injection moulding (32), injection moulding machine (10), LSR (4), clamping force (1).;B;Sitz 90571 Schwaig, Deutschland, Nachbarland im deutschsprachigen Raum, Zielland ist Österreich.;B;878 Mitarbeiter (Recherche, Gesellschaft: https://de.wikipedia.org/wiki/Sumitomo_(SHI)_Demag (Stand 2022)), knapp unter dem ICP-Band 1.001 bis 10.000.;D;240 Mio. EUR (Recherche: https://de.wikipedia.org/wiki/Sumitomo_(SHI)_Demag (Geschäftsjahr 2022)), deutlich unter dem ICP-Band rund 1,6 Mrd. EUR.;B;1 Begriffe mit 9 Fundstellen: precision (9).;D;Keiner der Begriffe auf 9 gecrawlten Seiten gefunden.;A;3 Begriffe mit 31 Fundstellen auf 9 Seiten: all-electric (21), electric injection (7), hybrid (3).;C;Schwacher Beleg, nur cycle time (1) auf 9 Seiten.;A;3 Begriffe mit 11 Fundstellen auf 9 Seiten: energy consumption (7), energy efficien (2), energy saving (2).;B;1 Begriffe mit 1 Fundstellen: ISO 9001 (1).;A;4 Begriffe mit 33 Fundstellen auf 9 Seiten: Purchasing (15), Supplier (12), Procurement (4), Code of Conduct (2).;A;2 Begriffe mit 13 Fundstellen auf 9 Seiten: Innovation (10), engineering (3).
WITTMANN BATTENFELD Deutschland GmbH;https://www.wittmann-group.com/de_de;C;67;Bedingter Fit;kein Ausschlusskriterium;7 von 12 Kriterien mit A, 2 mit D. Kernprodukt laut Recherche: Spritzgießmaschinen, Vertrieb und Service Deutschland. Auf der Website 55 Fundstellen zu Kernbegriffen: Spritzgießmaschine (18), Spritzgießtechnik (18), Silikon (9), Spritzguss (8).;Hoch, recherchiert und Website geprüft, 100 Prozent der Kriterien belegt;90475 Nürnberg;Deutschland;Spritzgießmaschinen, Vertrieb und Service Deutschland;136 (Recherche);27 (abgeleitet);Wittmann Technology GmbH, Wien (Österreich);VDMA Mitgliederliste, wer-zu-wem;Der Firmeneintrag weist die Wittmann Battenfeld Deutschland GmbH, Am Tower 2, 90475 Nürnberg, als Maschinenbauer im Eigentum der Wittmann Gruppe (Österreich) aus (https://www.wer-zu-wem.de/firma/wittmann-group.html).;https://www.linkedin.com/company/wittmannbattenfelddeutschland;A;Kernprodukt laut Recherche: Spritzgießmaschinen, Vertrieb und Service Deutschland. Auf der Website 55 Fundstellen zu Kernbegriffen: Spritzgießmaschine (18), Spritzgießtechnik (18), Silikon (9), Spritzguss (8).;B;Sitz 90475 Nürnberg, Deutschland, Nachbarland im deutschsprachigen Raum, Zielland ist Österreich.;D;136 Mitarbeiter (Recherche, Gesellschaft: https://www.wer-zu-wem.de/firma/wittmann-group.html (Abruf 2026, Angabe: 136 Mitarbeiter in Deutschland)), deutlich unter dem ICP-Band 1.001 bis 10.000.;D;27 Mio. EUR (aus 136 Mitarbeitern abgeleitet (0,2 Mio. EUR je Kopf, Maschinenbau)), deutlich unter dem ICP-Band rund 1,6 Mrd. EUR.;A;3 Begriffe mit 6 Fundstellen auf 9 Seiten: Präzision (4), Reproduzierbarkeit (1), precision (1).;B;2 Begriffe mit 4 Fundstellen: Produktionswerk (3), Produktionsstandort (1).;B;2 Begriffe mit 2 Fundstellen: vollelektrisch (1), hybrid (1).;A;3 Begriffe mit 4 Fundstellen auf 9 Seiten: Produktivität (2), Zykluszeit (1), Maschinenverfügbarkeit (1).;A;5 Begriffe mit 36 Fundstellen auf 9 Seiten: Nachhaltigkeit (13), Energieeffizien (12), energieeffizient (8), Energieverbrauch (2).;A;3 Begriffe mit 12 Fundstellen auf 9 Seiten: zertifiziert (10), Teilequalität (1), Reproduzierbarkeit (1).;A;4 Begriffe mit 6 Fundstellen auf 9 Seiten: Einkauf (2), Supplier (2), Beschaffung (1), Einkaufsbedingungen (1).;A;5 Begriffe mit 39 Fundstellen auf 9 Seiten: Innovation (32), Entwicklung (3), Konstrukteur (2), Forschung und Entwicklung (1).
PlastiVation Machinery GmbH;https://de.tedericglobal.com/;C;64;Bedingter Fit;kein Ausschlusskriterium;4 von 12 Kriterien mit A, 3 mit D, 2 ohne Datenbasis. Kernprodukt laut Recherche: Spritzgießmaschinen Tederic, Vertrieb und Anwendungszentrum. Auf der Website 41 Fundstellen zu Kernbegriffen: Spritzgießmaschine (22), Spritzguss (15), Spritzgießen (3), Schließkraft (1).;Mittel, nur Website, 74 Prozent der Kriterien belegt;80935 München;Deutschland;Spritzgießmaschinen Tederic, Vertrieb und Anwendungszentrum;k. A.;k. A.;Tederic Machinery Co., Ltd. (China);Fakuma Ausstellerliste, K-Zeitung, plasticker;Die Website der PlastiVation Machinery GmbH führt das komplette Tederic-Programm (NEO T, NEO HII, NEO EII, NEO M, INNOVA) als eigenes Produktangebot (https://www.plastivation.com/).;https://www.linkedin.com/company/tederic;A;Kernprodukt laut Recherche: Spritzgießmaschinen Tederic, Vertrieb und Anwendungszentrum. Auf der Website 41 Fundstellen zu Kernbegriffen: Spritzgießmaschine (22), Spritzguss (15), Spritzgießen (3), Schließkraft (1).;B;Sitz 80935 München, Deutschland, Nachbarland im deutschsprachigen Raum, Zielland ist Österreich.;N;Keine belegte Mitarbeiterzahl (weder Recherche noch Website).;N;Kein Umsatz veröffentlicht und keine Mitarbeiterzahl zum Ableiten.;C;Schwacher Beleg, nur präzise (1) auf 7 Seiten.;B;2 Begriffe mit 2 Fundstellen: Fertigungskapazität (1), Montage (1).;A;4 Begriffe mit 42 Fundstellen auf 7 Seiten: Kniehebel (23), hybrid (14), toggle (3), elektrische Spritzgieß (2).;D;Keiner der Begriffe auf 7 gecrawlten Seiten gefunden.;A;2 Begriffe mit 15 Fundstellen auf 7 Seiten: Nachhaltigkeit (14), Energieverbrauch (1).;D;Keiner der Begriffe auf 7 gecrawlten Seiten gefunden.;D;Keiner der Begriffe auf 7 gecrawlten Seiten gefunden.;A;3 Begriffe mit 10 Fundstellen auf 7 Seiten: Entwicklung (4), Innovation (4), F&E (2).
Bole Intelligent GmbH;https://www.bole-machinery.com/;C;63;Bedingter Fit;kein Ausschlusskriterium;1 von 12 Kriterien mit A, 0 mit D, 10 ohne Datenbasis. Kernprodukt laut Recherche: Spritzgießmaschinen servohydraulisch und elektrisch, 50 bis 6.800 t.;Niedrig, nur wenige Seiten, 23 Prozent der Kriterien belegt;06217 Merseburg;Deutschland;Spritzgießmaschinen servohydraulisch und elektrisch, 50 bis 6.800 t;k. A.;k. A.;Bole Intelligent Machinery Co., Ltd. (Ningbo, China);plasticker Meldung 2024, Websuche;Die deutsche Bole-Website führt das Maschinenprogramm des chinesischen Herstellers: servohydraulische und elektrische Kniehebel- sowie Zweiplattenmaschinen mit Schließkräften von 50 bis 6.800 Tonnen (https://www.bole-machinery.com/de/).;nicht auf der Website verlinkt;A;Kernprodukt laut Recherche: Spritzgießmaschinen servohydraulisch und elektrisch, 50 bis 6.800 t.;B;Sitz 06217 Merseburg, Deutschland, Nachbarland im deutschsprachigen Raum, Zielland ist Österreich.;N;Keine belegte Mitarbeiterzahl (weder Recherche noch Website).;N;Kein Umsatz veröffentlicht und keine Mitarbeiterzahl zum Ableiten.;N;Kein Treffer, aber nur 1 Seite(n) abrufbar. Nicht belegbar.;N;Kein Treffer, aber nur 1 Seite(n) abrufbar. Nicht belegbar.;N;Kein Treffer, aber nur 1 Seite(n) abrufbar. Nicht belegbar.;N;Kein Treffer, aber nur 1 Seite(n) abrufbar. Nicht belegbar.;N;Kein Treffer, aber nur 1 Seite(n) abrufbar. Nicht belegbar.;N;Kein Treffer, aber nur 1 Seite(n) abrufbar. Nicht belegbar.;N;Kein Treffer, aber nur 1 Seite(n) abrufbar. Nicht belegbar.;N;Kein Treffer, aber nur 1 Seite(n) abrufbar. Nicht belegbar.
Netstal Maschinen AG;https://www.netstal.com/;C;63;Bedingter Fit;kein Ausschlusskriterium;6 von 12 Kriterien mit A, 3 mit D. Kernprodukt laut Recherche: Schnelllaufende Spritzgießmaschinen, PET-Preforms, Verschlüsse. Auf der Website 8 Fundstellen zu Kernbegriffen: Spritzgiessmaschine (7), Schliesseinheit (1).;Hoch, recherchiert und Website geprüft, 100 Prozent der Kriterien belegt;8752 Näfels;Schweiz;Schnelllaufende Spritzgießmaschinen, PET-Preforms, Verschlüsse;560 (Recherche);112 (abgeleitet);Krones AG (Deutschland);Fakuma 2026 Ausstellerliste, KunststoffWeb, Startliste;Netstal entwickelt und produziert Spritzgiessmaschinen und Systemlösungen für Verpackung, Medizintechnik und Getränkeindustrie (https://de.wikipedia.org/wiki/Netstal_Maschinen, https://www.netstal.com/).;https://it.linkedin.com/company/netstal;A;Kernprodukt laut Recherche: Schnelllaufende Spritzgießmaschinen, PET-Preforms, Verschlüsse. Auf der Website 8 Fundstellen zu Kernbegriffen: Spritzgiessmaschine (7), Schliesseinheit (1).;B;Sitz 8752 Näfels, Schweiz, Nachbarland im deutschsprachigen Raum, Zielland ist Österreich.;C;560 Mitarbeiter (Recherche, Gesellschaft: https://de.wikipedia.org/wiki/Netstal_Maschinen (Infobox, Stand 2023, Quelle Krones AG)), unter dem ICP-Band 1.001 bis 10.000.;D;112 Mio. EUR (aus 560 Mitarbeitern abgeleitet (0,2 Mio. EUR je Kopf, Maschinenbau)), deutlich unter dem ICP-Band rund 1,6 Mrd. EUR.;A;4 Begriffe mit 10 Fundstellen auf 8 Seiten: Präzision (5), präzise (2), Wiederholgenauigkeit (2), Toleranz (1).;D;Keiner der Begriffe auf 8 gecrawlten Seiten gefunden.;A;3 Begriffe mit 5 Fundstellen auf 8 Seiten: vollelektrisch (2), hybrid (2), Antriebstechnik (1).;A;4 Begriffe mit 6 Fundstellen auf 8 Seiten: Zykluszeit (2), Gesamtanlageneffektivität (2), Produktivität (1), Trockenlaufzeit (1).;A;5 Begriffe mit 15 Fundstellen auf 8 Seiten: Nachhaltigkeit (8), Energieverbrauch (3), Energieeffizien (2), energieeffizient (1).;A;2 Begriffe mit 2 Fundstellen auf 8 Seiten: Ausschuss (1), ISO 9001 (1).;D;Keiner der Begriffe auf 8 gecrawlten Seiten gefunden.;B;2 Begriffe mit 5 Fundstellen: Innovation (4), Konstruktion (1).
FANUC Deutschland GmbH;https://www.fanuc.eu/de-de;C;61;Bedingter Fit;kein Ausschlusskriterium;7 von 12 Kriterien mit A, 4 mit D. Kernprodukt laut Recherche: Vollelektrische Spritzgießmaschinen Roboshot, Roboter, CNC. Auf der Website 30 Fundstellen zu Kernbegriffen: Spritzgussmaschine (20), Spritzguss (9), Spritzgießen (1).;Hoch, recherchiert und Website geprüft, 100 Prozent der Kriterien belegt;73765 Neuhausen auf den Fildern;Deutschland;Vollelektrische Spritzgießmaschinen Roboshot, Roboter, CNC;350 (Recherche);70 (abgeleitet);FANUC Corporation (Japan);technik-einkauf Marktübersicht, induux, Startliste;Fanuc Deutschland führt die vollelektrischen Spritzgießmaschinen der Baureihe Roboshot im deutschen Produktprogramm (https://www.fanuc.eu/de/de/spritzgiessmaschinen).;https://www.linkedin.com/company/fanuc-europe;A;Kernprodukt laut Recherche: Vollelektrische Spritzgießmaschinen Roboshot, Roboter, CNC. Auf der Website 30 Fundstellen zu Kernbegriffen: Spritzgussmaschine (20), Spritzguss (9), Spritzgießen (1).;B;Sitz 73765 Neuhausen auf den Fildern, Deutschland, Nachbarland im deutschsprachigen Raum, Zielland ist Österreich.;D;350 Mitarbeiter (Recherche, Gesellschaft: https://www.wer-zu-wem.de/firma/fanuc-automation.html (Abruf 2026, Angabe: 350 Mitarbeiter in Deutschland)), deutlich unter dem ICP-Band 1.001 bis 10.000.;D;70 Mio. EUR (aus 350 Mitarbeitern abgeleitet (0,2 Mio. EUR je Kopf, Maschinenbau)), deutlich unter dem ICP-Band rund 1,6 Mrd. EUR.;A;4 Begriffe mit 23 Fundstellen auf 8 Seiten: Präzision (15), präzise (5), Genauigkeit (2), Toleranz (1).;A;7 Begriffe mit 199 Fundstellen auf 8 Seiten: CNC (133), Bearbeitungszentr (22), Fräsen (13), Drehen (12).;A;4 Begriffe mit 9 Fundstellen auf 8 Seiten: Spindel (5), Servomotor (2), vollelektrisch (1), elektrische Spritzgieß (1).;A;5 Begriffe mit 13 Fundstellen auf 8 Seiten: Zykluszeit (5), Produktivität (4), Maschinenverfügbarkeit (2), OEE (1).;A;3 Begriffe mit 51 Fundstellen auf 8 Seiten: Nachhaltigkeit (49), Energieverbrauch (1), energiesparend (1).;D;Keiner der Begriffe auf 8 gecrawlten Seiten gefunden.;D;Keiner der Begriffe auf 8 gecrawlten Seiten gefunden.;A;4 Begriffe mit 11 Fundstellen auf 8 Seiten: Entwicklung (6), Forschung und Entwicklung (2), Innovation (2), Konstruktion (1).
ENGEL (Schweiz) AG;https://www.engelglobal.com/;C;60;Bedingter Fit;kein Ausschlusskriterium;2 von 12 Kriterien mit A, 1 mit D, 2 ohne Datenbasis. Kernprodukt laut Recherche: Spritzgießmaschinen, Vertrieb, Service, Tech Centre. Auf der Website 39 Fundstellen zu Kernbegriffen: Schließkraft (15), Spritzeinheit (9), clamping force (5), Spritzgießmaschine (4).;Mittel, nur Website, 74 Prozent der Kriterien belegt;8500 Frauenfeld;Schweiz;Spritzgießmaschinen, Vertrieb, Service, Tech Centre;k. A.;k. A.;ENGEL Holding GmbH (Österreich);Websuche, ENGEL Standortliste;ENGEL betreibt in Frauenfeld ein eigenes Tech Centre und feierte dort 50 Jahre Geschäftstätigkeit in der Schweiz (https://www.engelglobal.com/en/us/company/media-center/news-press/engel-opens-new-tech-centre-in-frauenfeld).;https://de.linkedin.com/company/engel-global;A;Kernprodukt laut Recherche: Spritzgießmaschinen, Vertrieb, Service, Tech Centre. Auf der Website 39 Fundstellen zu Kernbegriffen: Schließkraft (15), Spritzeinheit (9), clamping force (5), Spritzgießmaschine (4).;B;Sitz 8500 Frauenfeld, Schweiz, Nachbarland im deutschsprachigen Raum, Zielland ist Österreich.;N;Keine belegte Mitarbeiterzahl (weder Recherche noch Website).;N;Kein Umsatz veröffentlicht und keine Mitarbeiterzahl zum Ableiten.;C;Schwacher Beleg, nur präzise (2) auf 4 Seiten.;C;Schwacher Beleg, nur Montage (2) auf 4 Seiten.;C;Schwacher Beleg, nur hybrid (2) auf 4 Seiten.;D;Keiner der Begriffe auf 4 gecrawlten Seiten gefunden.;B;1 Begriffe mit 7 Fundstellen: Nachhaltigkeit (7).;B;1 Begriffe mit 3 Fundstellen: Qualitätsmanagement (3).;A;4 Begriffe mit 17 Fundstellen auf 4 Seiten: Lieferant (8), Einkauf (3), Lieferantenportal (3), Purchasing (3).;B;2 Begriffe mit 6 Fundstellen: Innovation (4), Konstruktion (2).
Haitian International Germany GmbH;https://eu.haitianinter.com/;C;60;Bedingter Fit;kein Ausschlusskriterium;4 von 12 Kriterien mit A, 2 mit D. Kernprodukt laut Recherche: Spritzgießmaschinen Haitian und Zhafir, Vertrieb Europa. Auf der Website 55 Fundstellen zu Kernbegriffen: injection moulding (29), injection moulding machine (25), clamping force (1).;Hoch, recherchiert und Website geprüft, 100 Prozent der Kriterien belegt;92263 Ebermannsdorf;Deutschland;Spritzgießmaschinen Haitian und Zhafir, Vertrieb Europa;87 (Recherche);733 (Website);Haitian International Holdings Ltd. (China);VDMA Mitgliederliste, KunststoffWeb, Startliste;Die Website beschreibt den Standort Ebermannsdorf mit Produktionsfläche, Maschinenlager und Anwendungszentrum: Unser Weg der Innovation führte 2015 zur Gründung von Haitian in Ebermannsdorf (https://eu.haitianinter.com/de/ueber-uns/).;https://www.linkedin.com/company/haitian-international-germany;A;Kernprodukt laut Recherche: Spritzgießmaschinen Haitian und Zhafir, Vertrieb Europa. Auf der Website 55 Fundstellen zu Kernbegriffen: injection moulding (29), injection moulding machine (25), clamping force (1).;B;Sitz 92263 Ebermannsdorf, Deutschland, Nachbarland im deutschsprachigen Raum, Zielland ist Österreich.;D;87 Mitarbeiter (Recherche, Gesellschaft: https://www.wer-zu-wem.de/firma/haitiangermany.html (Abruf 2026, Angabe: 87 Mitarbeiter in Deutschland)), deutlich unter dem ICP-Band 1.001 bis 10.000.;C;733 Mio. EUR bei 87 Mitarbeitern ergäbe 8,4 Mio. EUR je Kopf. Der Umsatz gehört erkennbar zu einer größeren Einheit als die Mitarbeiterzahl (Haitian International Holdings Ltd. (China)) und gilt nicht für diese Gesellschaft. Umsatz der Einzelgesellschaft unbelegt.;B;2 Begriffe mit 6 Fundstellen: precision (4), repeatab (2).;C;Schwacher Beleg, nur CNC (2) auf 9 Seiten.;A;2 Begriffe mit 12 Fundstellen auf 9 Seiten: electric injection (10), all-electric (2).;B;2 Begriffe mit 6 Fundstellen: productivity (5), cycle time (1).;A;3 Begriffe mit 7 Fundstellen auf 9 Seiten: energy efficien (3), energy consumption (3), energy saving (1).;D;Keiner der Begriffe auf 9 gecrawlten Seiten gefunden.;A;2 Begriffe mit 2 Fundstellen auf 9 Seiten: Procurement (1), Purchasing (1).;B;2 Begriffe mit 2 Fundstellen: Innovation (1), Patent (1).
ZHAFIR Plastics Machinery GmbH;https://eu.haitianinter.com/;C;60;Bedingter Fit;kein Ausschlusskriterium;4 von 12 Kriterien mit A, 2 mit D. Kernprodukt laut Recherche: Vollelektrische Spritzgießmaschinen Zhafir Venus und Zeres. Auf der Website 55 Fundstellen zu Kernbegriffen: injection moulding (29), injection moulding machine (25), clamping force (1).;Hoch, recherchiert und Website geprüft, 100 Prozent der Kriterien belegt;92263 Ebermannsdorf;Deutschland;Vollelektrische Spritzgießmaschinen Zhafir Venus und Zeres;10 (Recherche);733 (Website);Haitian International Holdings Ltd. (China);KunststoffWeb Produktliste Spritzgießmaschinen, Startliste;Die europäische Haitian-Website führt die vollelektrischen Baureihen Zhafir Venus und Zhafir Zeres als eigenes Produktprogramm (https://eu.haitianinter.com/de/ueber-uns/).;https://www.linkedin.com/company/haitian-international-germany;A;Kernprodukt laut Recherche: Vollelektrische Spritzgießmaschinen Zhafir Venus und Zeres. Auf der Website 55 Fundstellen zu Kernbegriffen: injection moulding (29), injection moulding machine (25), clamping force (1).;B;Sitz 92263 Ebermannsdorf, Deutschland, Nachbarland im deutschsprachigen Raum, Zielland ist Österreich.;D;10 Mitarbeiter (Recherche, Gesellschaft: https://www.wer-zu-wem.de/firma/zhafir.html (Abruf 2026, Angabe: 10 Mitarbeiter in Deutschland)), deutlich unter dem ICP-Band 1.001 bis 10.000.;C;733 Mio. EUR bei 10 Mitarbeitern ergäbe 73 Mio. EUR je Kopf. Der Umsatz gehört erkennbar zu einer größeren Einheit als die Mitarbeiterzahl (Haitian International Holdings Ltd. (China)) und gilt nicht für diese Gesellschaft. Umsatz der Einzelgesellschaft unbelegt.;B;2 Begriffe mit 6 Fundstellen: precision (4), repeatab (2).;C;Schwacher Beleg, nur CNC (2) auf 9 Seiten.;A;2 Begriffe mit 12 Fundstellen auf 9 Seiten: electric injection (10), all-electric (2).;B;2 Begriffe mit 6 Fundstellen: productivity (5), cycle time (1).;A;3 Begriffe mit 7 Fundstellen auf 9 Seiten: energy efficien (3), energy consumption (3), energy saving (1).;D;Keiner der Begriffe auf 9 gecrawlten Seiten gefunden.;A;2 Begriffe mit 2 Fundstellen auf 9 Seiten: Procurement (1), Purchasing (1).;B;2 Begriffe mit 2 Fundstellen: Innovation (1), Patent (1).
NETSTAL Deutschland GmbH;https://www.netstal.com/;C;58;Bedingter Fit;kein Ausschlusskriterium;6 von 12 Kriterien mit A, 4 mit D. Kernprodukt laut Recherche: Spritzgießmaschinen, Vertrieb und Service Deutschland. Auf der Website 8 Fundstellen zu Kernbegriffen: Spritzgiessmaschine (7), Schliesseinheit (1).;Hoch, recherchiert und Website geprüft, 100 Prozent der Kriterien belegt;70599 Stuttgart;Deutschland;Spritzgießmaschinen, Vertrieb und Service Deutschland;10 (Recherche);2 (abgeleitet);Netstal Maschinen AG (Krones AG);wer-zu-wem Firmenverzeichnis;Der Firmeneintrag weist die NETSTAL Deutschland GmbH, Dreifelderstr. 40, 70599 Stuttgart, als deutsche Gesellschaft des Spritzgießmaschinenherstellers Netstal aus (https://www.wer-zu-wem.de/firma/netstal-deutschland.html).;https://it.linkedin.com/company/netstal;A;Kernprodukt laut Recherche: Spritzgießmaschinen, Vertrieb und Service Deutschland. Auf der Website 8 Fundstellen zu Kernbegriffen: Spritzgiessmaschine (7), Schliesseinheit (1).;B;Sitz 70599 Stuttgart, Deutschland, Nachbarland im deutschsprachigen Raum, Zielland ist Österreich.;D;10 Mitarbeiter (Recherche, Gesellschaft: https://www.wer-zu-wem.de/firma/netstal-deutschland.html (Abruf 2026, Angabe: 10 Mitarbeiter in Deutschland)), deutlich unter dem ICP-Band 1.001 bis 10.000.;D;2 Mio. EUR (aus 10 Mitarbeitern abgeleitet (0,2 Mio. EUR je Kopf, Maschinenbau)), deutlich unter dem ICP-Band rund 1,6 Mrd. EUR.;A;4 Begriffe mit 10 Fundstellen auf 8 Seiten: Präzision (5), präzise (2), Wiederholgenauigkeit (2), Toleranz (1).;D;Keiner der Begriffe auf 8 gecrawlten Seiten gefunden.;A;3 Begriffe mit 5 Fundstellen auf 8 Seiten: vollelektrisch (2), hybrid (2), Antriebstechnik (1).;A;4 Begriffe mit 6 Fundstellen auf 8 Seiten: Zykluszeit (2), Gesamtanlageneffektivität (2), Produktivität (1), Trockenlaufzeit (1).;A;5 Begriffe mit 15 Fundstellen auf 8 Seiten: Nachhaltigkeit (8), Energieverbrauch (3), Energieeffizien (2), energieeffizient (1).;A;2 Begriffe mit 2 Fundstellen auf 8 Seiten: Ausschuss (1), ISO 9001 (1).;D;Keiner der Begriffe auf 8 gecrawlten Seiten gefunden.;B;2 Begriffe mit 5 Fundstellen: Innovation (4), Konstruktion (1).
Klöckner DESMA Elastomertechnik GmbH;https://www.desma.biz/;C;57;Bedingter Fit;kein Ausschlusskriterium;4 von 12 Kriterien mit A, 1 mit D. Kernprodukt laut Recherche: Spritzgießmaschinen für Gummi und Silikon, Kaltkanal, Automation. Auf der Website 34 Fundstellen zu Kernbegriffen: Elastomer (18), Spritzgießmaschine (8), Silikon (5), Spritzgießtechnik (1).;Hoch, recherchiert und Website geprüft, 100 Prozent der Kriterien belegt;78567 Fridingen an der Donau;Deutschland;Spritzgießmaschinen für Gummi und Silikon, Kaltkanal, Automation;517 (Recherche);103 (abgeleitet);Salzgitter AG (Klöckner-Werke);VDMA, Startliste;Die Website bezeichnet das Unternehmen als weltweit führenden Hersteller von Spritzgießmaschinen für die Elastomerindustrie, vertikale Maschinen der S3 Baureihe für Gummi- und Silikonartikel (https://www.desma.biz/);https://www.linkedin.com/company/kloecknerdesma;A;Kernprodukt laut Recherche: Spritzgießmaschinen für Gummi und Silikon, Kaltkanal, Automation. Auf der Website 34 Fundstellen zu Kernbegriffen: Elastomer (18), Spritzgießmaschine (8), Silikon (5), Spritzgießtechnik (1).;B;Sitz 78567 Fridingen an der Donau, Deutschland, Nachbarland im deutschsprachigen Raum, Zielland ist Österreich.;C;517 Mitarbeiter (Recherche, Gruppe: https://www.kunststoffweb.de/branchen-news/kloeckner_desma_spritzgiessmaschinenbauer_reduziert_beschaeftigtenzahl_t245166 (2020, weltweit 517, davon 233 in Fridingen)), unter dem ICP-Band 1.001 bis 10.000.;D;103 Mio. EUR (aus 517 Mitarbeitern abgeleitet (0,2 Mio. EUR je Kopf, Maschinenbau)), deutlich unter dem ICP-Band rund 1,6 Mrd. EUR.;C;Schwacher Beleg, nur präzise (3) auf 8 Seiten.;C;Schwacher Beleg, nur CNC (1) auf 8 Seiten.;C;Schwacher Beleg, nur toggle (2) auf 8 Seiten.;B;2 Begriffe mit 3 Fundstellen: Produktivität (2), Maschinenverfügbarkeit (1).;B;2 Begriffe mit 2 Fundstellen: Energieeffizien (1), Nachhaltigkeit (1).;A;2 Begriffe mit 4 Fundstellen auf 8 Seiten: prozesssicher (2), Prozesssicherheit (2).;A;2 Begriffe mit 9 Fundstellen auf 8 Seiten: Lieferant (8), Einkauf (1).;A;4 Begriffe mit 18 Fundstellen auf 8 Seiten: Technikum (8), Entwicklung (7), Innovation (2), Neuentwicklung (1).
HUSKY Spritzgiess-Systeme GmbH;https://www.husky.co/;C;56;Bedingter Fit;kein Ausschlusskriterium;3 von 12 Kriterien mit A, 3 mit D. Kernprodukt laut Recherche: Spritzgießsysteme für Verpackungen, PET-Preforms, Verschlüsse. Auf der Website 49 Fundstellen zu Kernbegriffen: injection moulding (40), LSR (8), Spritzguss (1).;Mittel, nur Website, 100 Prozent der Kriterien belegt;Darmstadt;Deutschland;Spritzgießsysteme für Verpackungen, PET-Preforms, Verschlüsse;4.301 (Website);860 (abgeleitet);Husky Technologies Ltd. (Kanada), Eigentümer Platinum Equity;Fakuma 2026 Ausstellerliste, Startliste;"Husky bezeichnet sich als Anbieter kompletter Spritzgusssysteme für Verpackungen, Getränkeverpackungen und Verschlüsse (https://www.husky.co/de/); die deutsche Gesellschaft ist als HUSKY Spritzgiess-Systeme GmbH, Darmstadt, HRB 90767, aktiv eingetragen (https://www.northdata.de/Husky+Spritzgiess-Systeme+GmbH).";https://www.linkedin.com/company/husky-injection-molding-systems;A;Kernprodukt laut Recherche: Spritzgießsysteme für Verpackungen, PET-Preforms, Verschlüsse. Auf der Website 49 Fundstellen zu Kernbegriffen: injection moulding (40), LSR (8), Spritzguss (1).;B;Sitz Darmstadt, Deutschland, Nachbarland im deutschsprachigen Raum, Zielland ist Österreich.;C;4.301 Mitarbeiter stehen auf der Website, die Zahl gehört aber zur Gruppe (Husky Technologies Ltd. (Kanada), Eigentümer Platinum Equity). Zahl der Einzelgesellschaft unbelegt, in der Nachprüfung zu klären.;B;860 Mio. EUR (aus 4.301 Mitarbeitern abgeleitet (0,2 Mio. EUR je Kopf, Maschinenbau)), im ICP-Band, Wert nur abgeleitet rund 1,6 Mrd. EUR.;B;2 Begriffe mit 2 Fundstellen: präzise (1), precision (1).;D;Keiner der Begriffe auf 4 gecrawlten Seiten gefunden.;C;Keiner der Begriffe auf 4 gecrawlten Seiten gefunden. Bauteil- oder Fachvokabular steht selten auf Firmenwebsites, daher kein Abzug bis D.;D;Keiner der Begriffe auf 4 gecrawlten Seiten gefunden.;A;2 Begriffe mit 10 Fundstellen auf 4 Seiten: Nachhaltigkeit (8), CO2 (2).;D;Keiner der Begriffe auf 4 gecrawlten Seiten gefunden.;A;3 Begriffe mit 40 Fundstellen auf 4 Seiten: Supplier (28), Lieferant (6), Code of Conduct (6).;B;2 Begriffe mit 5 Fundstellen: Innovation (4), Konstruktion (1).
BBS Automation Hallbergmoos GmbH;"https://www.bbsautomation.com/de?utm_source=www.hekuma.com&amp;utm_medium=referral&amp;utm_campaign=relaunch-2025&amp;utm_content=redirect";C;55;Bedingter Fit;kein Ausschlusskriterium;6 von 12 Kriterien mit A, 3 mit D. Randbereich der Zielbranche laut Recherche: Hochleistungsautomation für Spritzgießzellen, Medizintechnik. Auf der Website 35 Fundstellen zu Kernbegriffen: Spritzguss (31), Spritzgießen (4).;Hoch, recherchiert und Website geprüft, 100 Prozent der Kriterien belegt;85399 Hallbergmoos;Deutschland;Hochleistungsautomation für Spritzgießzellen, Medizintechnik;200 (Recherche);40 (abgeleitet);Dürr AG (BBS Automation);VDMA Mitgliederliste, technik-einkauf, Startliste;Hekuma steht für Hochleistungsautomation im Umfeld von Spritzgießprozessen und liefert schlüsselfertige Automationszellen für Medizintechnik und Konsumgüter (https://www.hekuma.com/de/).;https://www.linkedin.com/company/bbs-automation;B;Randbereich der Zielbranche laut Recherche: Hochleistungsautomation für Spritzgießzellen, Medizintechnik. Auf der Website 35 Fundstellen zu Kernbegriffen: Spritzguss (31), Spritzgießen (4).;B;Sitz 85399 Hallbergmoos, Deutschland, Nachbarland im deutschsprachigen Raum, Zielland ist Österreich.;D;200 Mitarbeiter (Recherche, Gesellschaft: https://www.wer-zu-wem.de/firma/hekuma.html (Abruf 2026, Angabe: 200 Mitarbeiter in Deutschland)), deutlich unter dem ICP-Band 1.001 bis 10.000.;D;40 Mio. EUR (aus 200 Mitarbeitern abgeleitet (0,2 Mio. EUR je Kopf, Maschinenbau)), deutlich unter dem ICP-Band rund 1,6 Mrd. EUR.;C;Schwacher Beleg, nur präzise (2) auf 11 Seiten.;A;2 Begriffe mit 39 Fundstellen auf 11 Seiten: Produktionsstandort (20), Montage (19).;A;2 Begriffe mit 250 Fundstellen auf 11 Seiten: toggle (230), hybrid (20).;D;Keiner der Begriffe auf 11 gecrawlten Seiten gefunden.;A;1 Begriffe mit 10 Fundstellen auf 11 Seiten: Nachhaltigkeit (10).;A;3 Begriffe mit 3 Fundstellen auf 11 Seiten: prozesssicher (1), Prozesssicherheit (1), Qualitätssicherung (1).;A;2 Begriffe mit 21 Fundstellen auf 11 Seiten: Lieferant (11), Code of Conduct (10).;A;3 Begriffe mit 23 Fundstellen auf 11 Seiten: Entwicklung (11), engineering (11), Innovation (1).
WOOJIN PLAIMM GmbH;https://www.woojin.eu/;C;55;Bedingter Fit;kein Ausschlusskriterium;3 von 12 Kriterien mit A, 4 mit D, 2 ohne Datenbasis. Kernprodukt laut Recherche: Spritzgiessmaschinen des koreanischen Herstellers Woojin Plaimm. Auf der Website 25 Fundstellen zu Kernbegriffen: injection moulding (14), injection moulding machine (11).;Mittel, nur Website, 74 Prozent der Kriterien belegt;2544 Leobersdorf;Österreich;Spritzgiessmaschinen des koreanischen Herstellers Woojin Plaimm;k. A.;k. A.;Woojin Plaimm Co., Ltd. (Boeun, Suedkorea);"plasticker, Startliste (dort als WOOJIN PLAIMM Deutschland GmbH, Berlin gefuehrt; korrigiert)";"Impressum: WOOJIN PLAIMM GmbH, Aumuehlweg 3, A-2544 Leobersdorf, FN 411295x (LG Wr. Neustadt); die Website bietet die Spritzgiessmaschinen-Palette von Woojin Plaimm an (https://www.woojin.eu/legal-notice/)";nicht auf der Website verlinkt;A;Kernprodukt laut Recherche: Spritzgiessmaschinen des koreanischen Herstellers Woojin Plaimm. Auf der Website 25 Fundstellen zu Kernbegriffen: injection moulding (14), injection moulding machine (11).;A;Sitz 2544 Leobersdorf, Österreich, im Zielland Österreich.;N;Keine belegte Mitarbeiterzahl (weder Recherche noch Website).;N;Kein Umsatz veröffentlicht und keine Mitarbeiterzahl zum Ableiten.;B;1 Begriffe mit 6 Fundstellen: precision (6).;D;Keiner der Begriffe auf 5 gecrawlten Seiten gefunden.;C;Schwacher Beleg, nur electric injection (1) auf 5 Seiten.;D;Keiner der Begriffe auf 5 gecrawlten Seiten gefunden.;D;Keiner der Begriffe auf 5 gecrawlten Seiten gefunden.;B;1 Begriffe mit 2 Fundstellen: quality assurance (2).;D;Keiner der Begriffe auf 5 gecrawlten Seiten gefunden.;A;4 Begriffe mit 21 Fundstellen auf 5 Seiten: R&D (13), Innovation (5), engineering (2), Patent (1).
ELMET Elastomere Produktions- und Dienstleistungs-GmbH;https://www.elmet.com/de/start/;C;54;Bedingter Fit;kein Ausschlusskriterium;5 von 12 Kriterien mit A, 3 mit D. Randbereich der Zielbranche laut Recherche: LSR-Dosieranlagen, Spritzgießwerkzeuge, Turnkey-Produktionszellen für Flüssigsilikon. Auf der Website 51 Fundstellen zu Kernbegriffen: Silikon (24), LSR (17), Spritzguss (4), Elastomer (3).;Hoch, recherchiert und Website geprüft, 100 Prozent der Kriterien belegt;4064 Oftering;Österreich;LSR-Dosieranlagen, Spritzgießwerkzeuge, Turnkey-Produktionszellen für Flüssigsilikon;150 (Recherche);30 (abgeleitet);ELMET Verwaltungs-GmbH (Familienbesitz);Startliste;Die Website nennt als Produktlinien LSR-Dosieranlagen (prozesssichere, energieeffiziente Dosiertechnik), hochpräzise Spritzgießwerkzeuge mit Kaltkanalsystemen und schlüsselfertige Turnkey-Produktionszellen, https://www.elmet.com/;https://www.linkedin.com/company/elmet-elastomere;B;Randbereich der Zielbranche laut Recherche: LSR-Dosieranlagen, Spritzgießwerkzeuge, Turnkey-Produktionszellen für Flüssigsilikon. Auf der Website 51 Fundstellen zu Kernbegriffen: Silikon (24), LSR (17), Spritzguss (4), Elastomer (3).;A;Sitz 4064 Oftering, Österreich, im Zielland Österreich.;D;150 Mitarbeiter (Recherche, Gesellschaft: https://firmen.wko.at/elmet-elastomere-produktions--und-dienstleistungs-gmbh/oberösterreich/?firmaid=f9902a0f-d3bf-4dab-ab72-0dfbe8392c49 (Abruf 2026)), deutlich unter dem ICP-Band 1.001 bis 10.000.;D;30 Mio. EUR (aus 150 Mitarbeitern abgeleitet (0,2 Mio. EUR je Kopf, Maschinenbau)), deutlich unter dem ICP-Band rund 1,6 Mrd. EUR.;A;3 Begriffe mit 26 Fundstellen auf 8 Seiten: präzise (14), Präzision (11), Toleranz (1).;C;Schwacher Beleg, nur Fertigungstiefe (1) auf 8 Seiten.;B;2 Begriffe mit 2 Fundstellen: vollelektrisch (1), Servomotor (1).;D;Keiner der Begriffe auf 8 gecrawlten Seiten gefunden.;A;4 Begriffe mit 22 Fundstellen auf 8 Seiten: Energieeffizien (11), Nachhaltigkeit (9), energieeffizient (1), Energieverbrauch (1).;A;6 Begriffe mit 20 Fundstellen auf 8 Seiten: Qualitätsmanagement (9), prozesssicher (5), Prozesssicherheit (3), Teilequalität (1).;B;1 Begriffe mit 1 Fundstellen: Lieferant (1).;A;3 Begriffe mit 23 Fundstellen auf 8 Seiten: Entwicklung (12), Innovation (6), Patent (5).
Mayerhofer RIMM Maschinenbau GmbH;https://www.rimm.at/;C;54;Bedingter Fit;kein Ausschlusskriterium;4 von 12 Kriterien mit A, 4 mit D, 2 ohne Datenbasis. Kernprodukt laut Recherche: Elastomer-Spritzgießmaschinen, vertikal und horizontal. Auf der Website 41 Fundstellen zu Kernbegriffen: Elastomer (12), Spritzgussmaschine (11), Schließeinheit (6), Spritzeinheit (6).;Mittel, nur Website, 74 Prozent der Kriterien belegt;4550 Kremsmünster;Österreich;Elastomer-Spritzgießmaschinen, vertikal und horizontal;k. A.;k. A.;Lechenauer GmbH (Österreich);Websuche Elastomer-Spritzgießmaschinen Hersteller;Die Firma beschreibt sich als österreichisches Mittelunternehmen, spezialisiert auf Entwicklung, Herstellung und Vertrieb von Elastomer-Spritzgießmaschinen (https://www.rimm.at/en/startseite/unternehmen/).;nicht auf der Website verlinkt;A;Kernprodukt laut Recherche: Elastomer-Spritzgießmaschinen, vertikal und horizontal. Auf der Website 41 Fundstellen zu Kernbegriffen: Elastomer (12), Spritzgussmaschine (11), Schließeinheit (6), Spritzeinheit (6).;A;Sitz 4550 Kremsmünster, Österreich, im Zielland Österreich.;N;Keine belegte Mitarbeiterzahl (weder Recherche noch Website).;N;Kein Umsatz veröffentlicht und keine Mitarbeiterzahl zum Ableiten.;D;Keiner der Begriffe auf 6 gecrawlten Seiten gefunden.;D;Keiner der Begriffe auf 6 gecrawlten Seiten gefunden.;C;Schwacher Beleg, nur Antriebstechnik (2) auf 6 Seiten.;D;Keiner der Begriffe auf 6 gecrawlten Seiten gefunden.;A;3 Begriffe mit 6 Fundstellen auf 6 Seiten: Energieeffizien (2), Energieverbrauch (2), Stromverbrauch (2).;A;2 Begriffe mit 4 Fundstellen auf 6 Seiten: prozesssicher (2), Prozesssicherheit (2).;D;Keiner der Begriffe auf 6 gecrawlten Seiten gefunden.;B;2 Begriffe mit 4 Fundstellen: Entwicklung (2), Innovation (2).
EWIKON Heißkanalsysteme GmbH;https://www.ewikon.com/;C;52;Bedingter Fit;kein Ausschlusskriterium;5 von 12 Kriterien mit A, 3 mit D. Randbereich der Zielbranche laut Recherche: Heißkanalsysteme, Nadelverschlusstechnik, Heißkanalregeltechnik, Kaltkanaltechnik. Auf der Website 8 Fundstellen zu Kernbegriffen: LSR (4), Spritzgießmaschine (2), Spritzguss (2).;Hoch, recherchiert und Website geprüft, 100 Prozent der Kriterien belegt;35066 Frankenberg (Eder);Deutschland;Heißkanalsysteme, Nadelverschlusstechnik, Heißkanalregeltechnik, Kaltkanaltechnik;300 (Recherche);60 (abgeleitet);;Ergänzung Rechercheur;"Unternehmensseite: Gefertigt wird ausschließlich in Deutschland. In unserer Firmenzentrale am Standort Frankenberg sind mehr als 300 Mitarbeiterinnen und Mitarbeiter tätig; EWIKON zählt zu den international führenden Anbietern von Heißkanaltechnik (https://www.ewikon.com/ewikon/unternehmen)";https://de.linkedin.com/company/ewikon;B;Randbereich der Zielbranche laut Recherche: Heißkanalsysteme, Nadelverschlusstechnik, Heißkanalregeltechnik, Kaltkanaltechnik. Auf der Website 8 Fundstellen zu Kernbegriffen: LSR (4), Spritzgießmaschine (2), Spritzguss (2).;B;Sitz 35066 Frankenberg (Eder), Deutschland, Nachbarland im deutschsprachigen Raum, Zielland ist Österreich.;D;"300 Mitarbeiter (Recherche, Standort: https://www.ewikon.com/ewikon/unternehmen (2026, mehr als 300 Mitarbeiter am Standort Frankenberg; Chronik nennt für 2020 über 320 in Frankenberg, 345 weltweit)), deutlich unter dem ICP-Band 1.001 bis 10.000.";D;60 Mio. EUR (aus 300 Mitarbeitern abgeleitet (0,2 Mio. EUR je Kopf, Maschinenbau)), deutlich unter dem ICP-Band rund 1,6 Mrd. EUR.;C;Schwacher Beleg, nur präzise (4) auf 8 Seiten.;A;6 Begriffe mit 7 Fundstellen auf 8 Seiten: Montage (2), CNC (1), Bearbeitungszentr (1), Schleifen (1).;B;1 Begriffe mit 8 Fundstellen: toggle (8).;D;Keiner der Begriffe auf 8 gecrawlten Seiten gefunden.;A;3 Begriffe mit 10 Fundstellen auf 8 Seiten: Nachhaltigkeit (8), Energieeffizien (1), energieeffizient (1).;A;6 Begriffe mit 9 Fundstellen auf 8 Seiten: prozesssicher (3), Prozesssicherheit (2), Qualitätssicherung (1), Qualitätsmanagement (1).;A;2 Begriffe mit 3 Fundstellen auf 8 Seiten: Lieferant (2), Beschaffung (1).;A;8 Begriffe mit 33 Fundstellen auf 8 Seiten: Entwicklung (9), Konstruktion (9), engineering (4), Konstrukteur (3).
Ferromatik Milacron GmbH;https://www.milacron.com/eu/;C;52;Bedingter Fit;kein Ausschlusskriterium;3 von 12 Kriterien mit A, 3 mit D. Kernprodukt laut Recherche: Spritzgießmaschinen, Mehrkomponenten, Zweiplattenmaschinen. Auf der Website 23 Fundstellen zu Kernbegriffen: injection moulding (15), injection moulding machine (8).;Hoch, recherchiert und Website geprüft, 100 Prozent der Kriterien belegt;79364 Malterdingen;Deutschland;Spritzgießmaschinen, Mehrkomponenten, Zweiplattenmaschinen;500 (Recherche);100 (abgeleitet);Milacron (Bain Capital, USA);VDMA Mitgliederliste, KunststoffWeb, chemie.de, Startliste;Der Handelsregistereintrag nennt als Geschäftsgegenstand Entwicklung, Produktion und Vertrieb von Kunststoffmaschinen für die kunststoffverarbeitende Industrie (https://www.northdata.de/Ferromatik+Milacron+GmbH,+Malterdingen).;https://www.linkedin.com/company/milacron;A;Kernprodukt laut Recherche: Spritzgießmaschinen, Mehrkomponenten, Zweiplattenmaschinen. Auf der Website 23 Fundstellen zu Kernbegriffen: injection moulding (15), injection moulding machine (8).;B;Sitz 79364 Malterdingen, Deutschland, Nachbarland im deutschsprachigen Raum, Zielland ist Österreich.;C;500 Mitarbeiter (Recherche, Gesellschaft: https://www.wer-zu-wem.de/firma/ferromatik.html (Abruf 2026, Angabe: 500 Mitarbeiter in Deutschland)), unter dem ICP-Band 1.001 bis 10.000.;D;100 Mio. EUR (aus 500 Mitarbeitern abgeleitet (0,2 Mio. EUR je Kopf, Maschinenbau)), deutlich unter dem ICP-Band rund 1,6 Mrd. EUR.;B;2 Begriffe mit 4 Fundstellen: precision (3), repeatab (1).;C;Schwacher Beleg, nur CNC (1) auf 7 Seiten.;C;Schwacher Beleg, nur all-electric (1) auf 7 Seiten.;A;3 Begriffe mit 5 Fundstellen auf 7 Seiten: productivity (3), cycle time (1), setup time (1).;D;Keiner der Begriffe auf 7 gecrawlten Seiten gefunden.;D;Keiner der Begriffe auf 7 gecrawlten Seiten gefunden.;A;2 Begriffe mit 10 Fundstellen auf 7 Seiten: Supply Chain (7), Supplier (3).;B;2 Begriffe mit 3 Fundstellen: Innovation (2), engineering (1).
GÜNTHER Heisskanaltechnik GmbH;https://www.guenther-heisskanal.de/;C;52;Bedingter Fit;kein Ausschlusskriterium;5 von 12 Kriterien mit A, 3 mit D. Randbereich der Zielbranche laut Recherche: Heißkanalsysteme, Kaltkanalsysteme, Regeltechnik für Spritzgießwerkzeuge. Auf der Website 21 Fundstellen zu Kernbegriffen: Silikon (7), LSR (7), Spritzguss (4), Spritzgießen (3).;Hoch, recherchiert und Website geprüft, 100 Prozent der Kriterien belegt;35066 Frankenberg (Eder);Deutschland;Heißkanalsysteme, Kaltkanalsysteme, Regeltechnik für Spritzgießwerkzeuge;240 (Recherche);48 (abgeleitet);;Startliste;Startseite: Hinter der Entwicklung unserer innovativen Heißkanal- und Kaltkanalsysteme steht ein engagiertes, hoch qualifiziertes Team von rund 240 Mitarbeiterinnen und Mitarbeitern (https://www.guenther-heisskanal.de/);https://www.linkedin.com/company/g%C3%BCnther-heisskanaltechnik-gmbh;B;Randbereich der Zielbranche laut Recherche: Heißkanalsysteme, Kaltkanalsysteme, Regeltechnik für Spritzgießwerkzeuge. Auf der Website 21 Fundstellen zu Kernbegriffen: Silikon (7), LSR (7), Spritzguss (4), Spritzgießen (3).;B;Sitz 35066 Frankenberg (Eder), Deutschland, Nachbarland im deutschsprachigen Raum, Zielland ist Österreich.;D;240 Mitarbeiter (Recherche, Gesellschaft: https://www.guenther-heisskanal.de/ (2026, rund 240 Mitarbeiterinnen und Mitarbeiter)), deutlich unter dem ICP-Band 1.001 bis 10.000.;D;48 Mio. EUR (aus 240 Mitarbeitern abgeleitet (0,2 Mio. EUR je Kopf, Maschinenbau)), deutlich unter dem ICP-Band rund 1,6 Mrd. EUR.;A;4 Begriffe mit 15 Fundstellen auf 8 Seiten: präzise (9), Präzision (4), Reproduzierbarkeit (1), precision (1).;D;Keiner der Begriffe auf 8 gecrawlten Seiten gefunden.;C;Keiner der Begriffe auf 8 gecrawlten Seiten gefunden. Bauteil- oder Fachvokabular steht selten auf Firmenwebsites, daher kein Abzug bis D.;B;2 Begriffe mit 3 Fundstellen: Zykluszeit (2), Produktivität (1).;A;5 Begriffe mit 12 Fundstellen auf 8 Seiten: Energieeffizien (5), energieeffizient (3), Energieverbrauch (2), Energieeinsparung (1).;A;6 Begriffe mit 24 Fundstellen auf 8 Seiten: zertifiziert (8), prozesssicher (6), Prozesssicherheit (6), ISO 9001 (2).;A;2 Begriffe mit 2 Fundstellen auf 8 Seiten: Einkauf (1), Lieferant (1).;A;6 Begriffe mit 66 Fundstellen auf 8 Seiten: Technikum (31), Konstrukteur (18), Entwicklung (9), Innovation (4).
SHIBAURA MACHINE LWB GmbH;https://www.lwb-steinl.com/;D;50;Schlechter Fit;kein Ausschlusskriterium;"4 von 12 Kriterien mit A, 4 mit D. Kernprodukt laut Recherche: Vertikale und horizontale Spritzgießmaschinen für Elastomere und Thermoplaste. Auf der Website 36 Fundstellen zu Kernbegriffen: Elastomer (13), Spritzgiessmaschine (8), Silikon (8), Spritzgießmaschine (3). Hinweis: Mehrheitsübernahme (80 Prozent) durch Shibaura Machine im Oktober 2025, Umfirmierung von LWB Steinl GmbH & Co. KG in SHIBAURA MACHINE LWB GmbH Für die Gesellschaft ist kein Umsatz veröffentlicht; belegt ist nur die Gruppenzahl: https://www.k-zeitung.de/top-12-ranking-spritzgiessmaschinen-hersteller-umsatz-2024-2025 (Gruppenumsatz Shibaura Machine 2023: 123.500 Mio. JPY, umgerechnet mit 0,0058 EUR je JPY; nicht der Umsatz der deutschen Gesellschaft)";Hoch, recherchiert und Website geprüft, 100 Prozent der Kriterien belegt;84032 Altdorf;Deutschland;Vertikale und horizontale Spritzgießmaschinen für Elastomere und Thermoplaste;200 (Recherche);40 (abgeleitet);Shibaura Machine Co., Ltd. (80 Prozent, Option auf restliche 20 Prozent der Familie Steinl);VDMA, Startliste, K-Zeitung;Karriereseite: Mit rund 200 Mitarbeitern produzieren wir am Hauptsitz in Altdorf, Niederbayern Spritzgießmaschinen (https://jobs.lwb-steinl.com/), Produktprogramm Elastomer- und Thermoplast-Spritzgießmaschinen (https://www.lwb-steinl.com/unternehmen);https://www.linkedin.com/company/lwb-steinl-gmbh-&amp;A;Kernprodukt laut Recherche: Vertikale und horizontale Spritzgießmaschinen für Elastomere und Thermoplaste. Auf der Website 36 Fundstellen zu Kernbegriffen: Elastomer (13), Spritzgiessmaschine (8), Silikon (8), Spritzgießmaschine (3).;B;Sitz 84032 Altdorf, Deutschland, Nachbarland im deutschsprachigen Raum, Zielland ist Österreich.;D;200 Mitarbeiter (Recherche, Standort: https://jobs.lwb-steinl.com/ (2026, rund 200 Mitarbeiter am Hauptsitz Altdorf)), deutlich unter dem ICP-Band 1.001 bis 10.000.;D;40 Mio. EUR (aus 200 Mitarbeitern abgeleitet (0,2 Mio. EUR je Kopf, Maschinenbau)), deutlich unter dem ICP-Band rund 1,6 Mrd. EUR.;C;Schwacher Beleg, nur Präzision (3) auf 8 Seiten.;C;Schwacher Beleg, nur Fertigungstiefe (2) auf 8 Seiten.;A;3 Begriffe mit 10 Fundstellen auf 8 Seiten: toggle (8), vollelektrisch (1), elektrische Spritzgieß (1).;B;2 Begriffe mit 3 Fundstellen: productivity (2), Produktivität (1).;D;Keiner der Begriffe auf 8 gecrawlten Seiten gefunden.;D;Keiner der Begriffe auf 8 gecrawlten Seiten gefunden.;A;2 Begriffe mit 2 Fundstellen auf 8 Seiten: Beschaffung (1), Lieferant (1).;A;2 Begriffe mit 11 Fundstellen auf 8 Seiten: Innovation (10), Entwicklung (1).
ZAHORANSKY AG;https://www.zahoransky.com/de;D;50;Schlechter Fit;Insolvenz oder Liquidation laut Website;Ausschluss: Insolvenz oder Liquidation laut Website. Im Raster 5 mal A und 2 mal D.;Hoch, recherchiert und Website geprüft, 100 Prozent der Kriterien belegt;79674 Todtnau-Geschwend;Deutschland;Spritzgießwerkzeuge, Spritzgieß-Fertigungszellen, Bürstenmaschinen, Verpackungsanlagen;690 (Recherche);93 (Recherche);Familienbesitz (Familie Zahoransky);Startliste;Unternehmensseite: Heute entwickeln und produzieren wir Präzisionstechnologie für unterschiedliche Hightech-Industrien an unseren vier Produktionsstandorten, mit über 10.000 installierten Maschinen, Anlagen und Spritzgussformen bei über 4.000 Kunden (https://www.zahoransky.com/de/unternehmen);https://www.linkedin.com/company/zahoransky-group;B;Randbereich der Zielbranche laut Recherche: Spritzgießwerkzeuge, Spritzgieß-Fertigungszellen, Bürstenmaschinen, Verpackungsanlagen. Auf der Website 2 Fundstellen zu Kernbegriffen: Spritzgießtechnik (1), Spritzgießen (1).;B;Sitz 79674 Todtnau-Geschwend, Deutschland, Nachbarland im deutschsprachigen Raum, Zielland ist Österreich.;C;690 Mitarbeiter (Recherche, Gruppe: https://de.wikipedia.org/wiki/Zahoransky (Stand 2025: rund 690 Mitarbeiter der Zahoransky Group, Beleg zahoransky.com/de/unternehmen)), unter dem ICP-Band 1.001 bis 10.000.;D;93 Mio. EUR (Recherche: https://de.wikipedia.org/wiki/Zahoransky (Geschäftsjahr 2023: 92,7 Mio. Euro, Quelle Unternehmensregister)), deutlich unter dem ICP-Band rund 1,6 Mrd. EUR.;A;3 Begriffe mit 6 Fundstellen auf 8 Seiten: Präzision (4), präzise (1), Genauigkeit (1).;A;7 Begriffe mit 21 Fundstellen auf 8 Seiten: Montage (8), CNC (3), Drehen (3), Produktionsstandort (3).;C;Keiner der Begriffe auf 8 gecrawlten Seiten gefunden. Bauteil- oder Fachvokabular steht selten auf Firmenwebsites, daher kein Abzug bis D.;B;2 Begriffe mit 2 Fundstellen: Produktivität (1), Maschinenverfügbarkeit (1).;D;Keiner der Begriffe auf 8 gecrawlten Seiten gefunden.;A;2 Begriffe mit 4 Fundstellen auf 8 Seiten: Qualitätssicherung (2), Qualitätsmanagement (2).;A;4 Begriffe mit 59 Fundstellen auf 8 Seiten: Lieferant (31), Einkauf (16), Einkaufsbedingungen (11), Beschaffung (1).;A;6 Begriffe mit 33 Fundstellen auf 8 Seiten: Entwicklung (11), Konstruktion (10), engineering (8), Konstrukteur (2).
DESMA Schuhmaschinen GmbH;https://www.desma.de/de/;D;48;Schlechter Fit;kein Ausschlusskriterium;2 von 12 Kriterien mit A, 3 mit D. Kernprodukt laut Recherche: Rundtisch-Spritzgießanlagen für Schuhsohlen, Mikrospritzgießmaschinen (DESMA TEC). Auf der Website 5 Fundstellen zu Kernbegriffen: Schließeinheit (4), Spritzgießmaschine (1). Hinweis: 2025 von der Salzgitter AG an die deutsch-französische Industriegruppe NAME & MAWI Partners S.A.S. verkauft, operativ aktiv;Hoch, recherchiert und Website geprüft, 100 Prozent der Kriterien belegt;28832 Achim;Deutschland;Rundtisch-Spritzgießanlagen für Schuhsohlen, Mikrospritzgießmaschinen (DESMA TEC);220 (Recherche);46 (Recherche);NAME & MAWI Partners S.A.S. (seit 2025, zuvor Salzgitter AG);VDMA, Startliste;Die Website beschreibt Produktionssysteme für Schuhhersteller weltweit (Direct Soling, Rundtischanlagen), Impressum nennt DESMA Schuhmaschinen GmbH, Desmastrasse 1, 28832 Achim (https://www.desma.de/en/legal-notice/);https://www.linkedin.com/company/37006312;A;Kernprodukt laut Recherche: Rundtisch-Spritzgießanlagen für Schuhsohlen, Mikrospritzgießmaschinen (DESMA TEC). Auf der Website 5 Fundstellen zu Kernbegriffen: Schließeinheit (4), Spritzgießmaschine (1).;B;Sitz 28832 Achim, Deutschland, Nachbarland im deutschsprachigen Raum, Zielland ist Österreich.;D;220 Mitarbeiter (Recherche, Gesellschaft: https://de.wikipedia.org/wiki/Desma_Schuhmaschinen (Stand 2025)), deutlich unter dem ICP-Band 1.001 bis 10.000.;D;46 Mio. EUR (Recherche: https://de.wikipedia.org/wiki/Desma_Schuhmaschinen (Geschäftsjahr 2022)), deutlich unter dem ICP-Band rund 1,6 Mrd. EUR.;B;2 Begriffe mit 3 Fundstellen: präzise (2), Präzision (1).;D;Keiner der Begriffe auf 9 gecrawlten Seiten gefunden.;C;Keiner der Begriffe auf 9 gecrawlten Seiten gefunden. Bauteil- oder Fachvokabular steht selten auf Firmenwebsites, daher kein Abzug bis D.;C;Schwacher Beleg, nur Produktivität (1) auf 9 Seiten.;B;2 Begriffe mit 5 Fundstellen: Nachhaltigkeit (4), Energieeffizien (1).;B;1 Begriffe mit 1 Fundstellen: Ausschuss (1).;B;1 Begriffe mit 1 Fundstellen: Lieferant (1).;A;4 Begriffe mit 13 Fundstellen auf 9 Seiten: Innovation (8), engineering (3), Entwicklung (1), Forschung und Entwicklung (1).
NEXUS Elastomer Systems GmbH;https://www.nexus-elastomer.com/;D;47;Schlechter Fit;kein Ausschlusskriterium;2 von 12 Kriterien mit A, 4 mit D, 2 ohne Datenbasis. Randbereich der Zielbranche laut Recherche: LSR-Dosieranlagen und Dosiertechnik für Silikonspritzguss. Auf der Website 44 Fundstellen zu Kernbegriffen: LSR (26), Elastomer (14), injection moulding (2), Silikon (2).;Mittel, nur Website, 74 Prozent der Kriterien belegt;4551 Ried im Traunkreis;Österreich;LSR-Dosieranlagen und Dosiertechnik für Silikonspritzguss;k. A.;k. A.;Innovant GmbH;Startliste;Die Website positioniert die LSR-Dosieranlagen (unter anderem SPLITNEX zur automatischen Entfernung von Luftblasen) als die effizientesten Dosieranlagen weltweit, https://www.nexus-elastomer.com/;https://www.linkedin.com/company/nexus-automation-gmbh;B;Randbereich der Zielbranche laut Recherche: LSR-Dosieranlagen und Dosiertechnik für Silikonspritzguss. Auf der Website 44 Fundstellen zu Kernbegriffen: LSR (26), Elastomer (14), injection moulding (2), Silikon (2).;A;Sitz 4551 Ried im Traunkreis, Österreich, im Zielland Österreich.;N;Keine belegte Mitarbeiterzahl (weder Recherche noch Website).;N;Kein Umsatz veröffentlicht und keine Mitarbeiterzahl zum Ableiten.;D;Keiner der Begriffe auf 6 gecrawlten Seiten gefunden.;D;Keiner der Begriffe auf 6 gecrawlten Seiten gefunden.;C;Keiner der Begriffe auf 6 gecrawlten Seiten gefunden. Bauteil- oder Fachvokabular steht selten auf Firmenwebsites, daher kein Abzug bis D.;B;2 Begriffe mit 9 Fundstellen: cycle time (8), Zykluszeit (1).;D;Keiner der Begriffe auf 6 gecrawlten Seiten gefunden.;D;Keiner der Begriffe auf 6 gecrawlten Seiten gefunden.;A;2 Begriffe mit 9 Fundstellen auf 6 Seiten: Einkauf (6), Lieferant (3).;B;2 Begriffe mit 4 Fundstellen: Innovation (3), Entwicklung (1).
Dr. Boy GmbH & Co. KG;https://www.dr-boy.de/de/;D;46;Schlechter Fit;kein Ausschlusskriterium;3 von 12 Kriterien mit A, 4 mit D. Kernprodukt laut Recherche: Spritzgießmaschinen bis 1.250 kN, Mikrospritzguss. Auf der Website 50 Fundstellen zu Kernbegriffen: Spritzgiessmaschine (29), Spritzgießmaschine (15), Spritzguss (5), Schließkraft (1).;Hoch, recherchiert und Website geprüft, 100 Prozent der Kriterien belegt;53577 Neustadt-Fernthal;Deutschland;Spritzgießmaschinen bis 1.250 kN, Mikrospritzguss;164 (Recherche);33 (abgeleitet);Schiffer GmbH (Familie Schiffer);KunststoffWeb Produktliste Spritzgießmaschinen, chemie.de, Startliste;Die Website nennt das eigene Maschinenprogramm: Spritzgießmaschinen mit Schließkräften bis 1.250 kN sowie Handlingsysteme, Mikrospritzguss unter 1 mg und Reinraumtechnik (https://www.dr-boy.de/de/unternehmen).;nicht auf der Website verlinkt;A;Kernprodukt laut Recherche: Spritzgießmaschinen bis 1.250 kN, Mikrospritzguss. Auf der Website 50 Fundstellen zu Kernbegriffen: Spritzgiessmaschine (29), Spritzgießmaschine (15), Spritzguss (5), Schließkraft (1).;B;Sitz 53577 Neustadt-Fernthal, Deutschland, Nachbarland im deutschsprachigen Raum, Zielland ist Österreich.;D;164 Mitarbeiter (Recherche, Gesellschaft: https://www.wer-zu-wem.de/firma/dr-boy-spritzguss.html (Abruf 2026, Angabe: 164 Mitarbeiter in Deutschland)), deutlich unter dem ICP-Band 1.001 bis 10.000.;D;33 Mio. EUR (aus 164 Mitarbeitern abgeleitet (0,2 Mio. EUR je Kopf, Maschinenbau)), deutlich unter dem ICP-Band rund 1,6 Mrd. EUR.;B;2 Begriffe mit 4 Fundstellen: präzise (2), precision (2).;D;Keiner der Begriffe auf 10 gecrawlten Seiten gefunden.;C;Schwacher Beleg, nur Servomotor (2) auf 10 Seiten.;C;Schwacher Beleg, nur Maschinenverfügbarkeit (1) auf 10 Seiten.;A;4 Begriffe mit 27 Fundstellen auf 10 Seiten: Nachhaltigkeit (21), Energieeffizien (3), energieeffizient (2), Energieverbrauch (1).;D;Keiner der Begriffe auf 10 gecrawlten Seiten gefunden.;B;1 Begriffe mit 2 Fundstellen: Supplier (2).;A;3 Begriffe mit 16 Fundstellen auf 10 Seiten: engineering (8), Innovation (6), Entwicklung (2).
ENGEL Deutschland GmbH;https://www.engelglobal.com/;D;45;Schlechter Fit;kein Ausschlusskriterium;2 von 12 Kriterien mit A, 3 mit D. Kernprodukt laut Recherche: Spritzgießmaschinen, Vertrieb und Service Deutschland. Auf der Website 39 Fundstellen zu Kernbegriffen: Schließkraft (15), Spritzeinheit (9), clamping force (5), Spritzgießmaschine (4).;Hoch, recherchiert und Website geprüft, 100 Prozent der Kriterien belegt;90451 Nürnberg;Deutschland;Spritzgießmaschinen, Vertrieb und Service Deutschland;241 (Recherche);48 (abgeleitet);ENGEL Holding GmbH (Österreich);KunststoffWeb Produktliste, wer-zu-wem, VDMA;Der Firmeneintrag weist die Engel Deutschland GmbH, Donaustr. 83, 90451 Nürnberg, als Maschinenbauer im Eigentum der Engel Holding (Österreich) aus (https://www.wer-zu-wem.de/firma/engel-kunststoff.html).;https://de.linkedin.com/company/engel-global;A;Kernprodukt laut Recherche: Spritzgießmaschinen, Vertrieb und Service Deutschland. Auf der Website 39 Fundstellen zu Kernbegriffen: Schließkraft (15), Spritzeinheit (9), clamping force (5), Spritzgießmaschine (4).;B;Sitz 90451 Nürnberg, Deutschland, Nachbarland im deutschsprachigen Raum, Zielland ist Österreich.;D;241 Mitarbeiter (Recherche, Gesellschaft: https://www.wer-zu-wem.de/firma/engel-kunststoff.html (Abruf 2026, Angabe: 241 Mitarbeiter in Deutschland)), deutlich unter dem ICP-Band 1.001 bis 10.000.;D;48 Mio. EUR (aus 241 Mitarbeitern abgeleitet (0,2 Mio. EUR je Kopf, Maschinenbau)), deutlich unter dem ICP-Band rund 1,6 Mrd. EUR.;C;Schwacher Beleg, nur präzise (2) auf 4 Seiten.;C;Schwacher Beleg, nur Montage (2) auf 4 Seiten.;C;Schwacher Beleg, nur hybrid (2) auf 4 Seiten.;D;Keiner der Begriffe auf 4 gecrawlten Seiten gefunden.;B;1 Begriffe mit 7 Fundstellen: Nachhaltigkeit (7).;B;1 Begriffe mit 3 Fundstellen: Qualitätsmanagement (3).;A;4 Begriffe mit 17 Fundstellen auf 4 Seiten: Lieferant (8), Einkauf (3), Lieferantenportal (3), Purchasing (3).;B;2 Begriffe mit 6 Fundstellen: Innovation (4), Konstruktion (2).
technotrans solutions GmbH (bis 2021 gwk Gesellschaft Wärme Kältetechnik mbH);https://www.technotrans.com/home;D;45;Schlechter Fit;kein Ausschlusskriterium;0 von 12 Kriterien mit A, 4 mit D. Randbereich der Zielbranche laut Recherche: Temperiergeräte, Kühlanlagen, Temperiersysteme für die Kunststoffverarbeitung. Auf der Website 8 Fundstellen zu Kernbegriffen: injection moulding (8). Hinweis: Die gwk Gesellschaft Wärme Kältetechnik mbH wurde laut northdata.de am 24.09.2021 in technotrans solutions GmbH umfirmiert (HRB 3266, Amtsgericht Iserlohn, Sitz Scherl 10, Meinerzhagen), Gesellschafterin ist die technotrans SE. Die Marke gwk ist in der technotrans-Dachmarke aufgegangen, gwk.com leitet auf technotrans.com weiter. Die technotrans-Gruppe erzielte 2024 einen Umsatz von 238,1 Mio. EUR (Gruppenzahl, nicht die der GmbH).;Mittel, nur Website, 100 Prozent der Kriterien belegt;58540 Meinerzhagen;Deutschland;Temperiergeräte, Kühlanlagen, Temperiersysteme für die Kunststoffverarbeitung;1.443 (Website);260 (Website);technotrans SE, Sassenberg (börsennotiert);Ergänzung Rechercheur;"Plastics-Seite: Cooling and temperature control systems for a wide temperature range of -80 to +430 Grad C, which is unique in the plastics industry (https://www.technotrans.com/markets/plastics); Meinerzhagen ist Produktionsstandort der Gruppe (https://www.technotrans.com/company/group-structure)";https://de.linkedin.com/company/technotrans-se;B;Randbereich der Zielbranche laut Recherche: Temperiergeräte, Kühlanlagen, Temperiersysteme für die Kunststoffverarbeitung. Auf der Website 8 Fundstellen zu Kernbegriffen: injection moulding (8).;B;Sitz 58540 Meinerzhagen, Deutschland, Nachbarland im deutschsprachigen Raum, Zielland ist Österreich.;B;1.443 Mitarbeiter (Eigendarstellung auf der Website), im ICP-Band, aber nur per Eigendarstellung belegt 1.001 bis 10.000.;D;260 Mio. EUR (Eigendarstellung auf der Website), deutlich unter dem ICP-Band rund 1,6 Mrd. EUR.;B;2 Begriffe mit 5 Fundstellen: precision (3), accuracy (2).;D;Keiner der Begriffe auf 10 gecrawlten Seiten gefunden.;C;Keiner der Begriffe auf 10 gecrawlten Seiten gefunden. Bauteil- oder Fachvokabular steht selten auf Firmenwebsites, daher kein Abzug bis D.;D;Keiner der Begriffe auf 10 gecrawlten Seiten gefunden.;C;Schwacher Beleg, nur energy efficien (1) auf 10 Seiten.;D;Keiner der Begriffe auf 10 gecrawlten Seiten gefunden.;B;1 Begriffe mit 1 Fundstellen: Supplier (1).;B;2 Begriffe mit 7 Fundstellen: Innovation (6), engineering (1).
Milacron Mold-Masters Europa GmbH;https://www.moldmasters.com/;D;44;Schlechter Fit;kein Ausschlusskriterium;0 von 12 Kriterien mit A, 4 mit D. Randbereich der Zielbranche laut Recherche: Heißkanalsysteme und Regelgeräte für Spritzgießwerkzeuge. Auf der Website 13 Fundstellen zu Kernbegriffen: LSR (9), injection moulding (4).;Hoch, recherchiert und Website geprüft, 100 Prozent der Kriterien belegt;76532 Baden-Baden;Deutschland;Heißkanalsysteme und Regelgeräte für Spritzgießwerkzeuge;190 (Recherche);38 (abgeleitet);Milacron (Bain Capital, USA);Fakuma 2026 Ausstellerliste, Produktgruppe Spritzgießmaschinen;Mold-Masters Europa entwickelt und fertigt Heißkanalsysteme, Regelgeräte und Steuerungen für Spritzgießwerkzeuge (https://www.moldmasters.com).;https://www.linkedin.com/company/mold-masters-limited;B;Randbereich der Zielbranche laut Recherche: Heißkanalsysteme und Regelgeräte für Spritzgießwerkzeuge. Auf der Website 13 Fundstellen zu Kernbegriffen: LSR (9), injection moulding (4).;B;Sitz 76532 Baden-Baden, Deutschland, Nachbarland im deutschsprachigen Raum, Zielland ist Österreich.;D;190 Mitarbeiter (Recherche, Gesellschaft: https://www.wer-zu-wem.de/firma/mold-masters.html (Abruf 2026, Angabe: 190 Mitarbeiter in Deutschland)), deutlich unter dem ICP-Band 1.001 bis 10.000.;D;38 Mio. EUR (aus 190 Mitarbeitern abgeleitet (0,2 Mio. EUR je Kopf, Maschinenbau)), deutlich unter dem ICP-Band rund 1,6 Mrd. EUR.;B;2 Begriffe mit 5 Fundstellen: precision (4), tolerance (1).;D;Keiner der Begriffe auf 7 gecrawlten Seiten gefunden.;B;1 Begriffe mit 7 Fundstellen: toggle (7).;B;1 Begriffe mit 5 Fundstellen: productivity (5).;D;Keiner der Begriffe auf 7 gecrawlten Seiten gefunden.;B;1 Begriffe mit 1 Fundstellen: ISO 9001 (1).;B;1 Begriffe mit 1 Fundstellen: Supplier (1).;B;2 Begriffe mit 5 Fundstellen: Patent (3), Innovation (2).
Wickert Maschinenbau GmbH;https://www.wickert-presstech.de/de/;D;44;Schlechter Fit;kein Ausschlusskriterium;3 von 12 Kriterien mit A, 5 mit D. Kernprodukt laut Recherche: Pressen und Spritzgießmaschinen für Elastomere und Composites. Auf der Website 3 Fundstellen zu Kernbegriffen: Elastomer (3).;Hoch, recherchiert und Website geprüft, 100 Prozent der Kriterien belegt;76829 Landau in der Pfalz;Deutschland;Pressen und Spritzgießmaschinen für Elastomere und Composites;144 (Recherche);29 (abgeleitet);;VDMA Mitgliederliste, KunststoffWeb, Startliste;Wickert stellt hydraulische Pressen und Spritzgießmaschinen für Gummi, Kunststoffe, Composites und Pulver her (https://www.wickert-presstech.de/de/unternehmen).;https://www.linkedin.com/company/wickert-maschinenbau-gmbh;A;Kernprodukt laut Recherche: Pressen und Spritzgießmaschinen für Elastomere und Composites. Auf der Website 3 Fundstellen zu Kernbegriffen: Elastomer (3).;B;Sitz 76829 Landau in der Pfalz, Deutschland, Nachbarland im deutschsprachigen Raum, Zielland ist Österreich.;D;144 Mitarbeiter (Recherche, Gesellschaft: https://www.wer-zu-wem.de/firma/wickert.html (Abruf 2026, Angabe: 144 Mitarbeiter in Deutschland)), deutlich unter dem ICP-Band 1.001 bis 10.000.;D;29 Mio. EUR (aus 144 Mitarbeitern abgeleitet (0,2 Mio. EUR je Kopf, Maschinenbau)), deutlich unter dem ICP-Band rund 1,6 Mrd. EUR.;A;2 Begriffe mit 17 Fundstellen auf 8 Seiten: Präzision (10), präzise (7).;C;Schwacher Beleg, nur Montage (4) auf 8 Seiten.;C;Keiner der Begriffe auf 8 gecrawlten Seiten gefunden. Bauteil- oder Fachvokabular steht selten auf Firmenwebsites, daher kein Abzug bis D.;B;2 Begriffe mit 3 Fundstellen: Maschinenverfügbarkeit (2), Zykluszeit (1).;D;Keiner der Begriffe auf 8 gecrawlten Seiten gefunden.;D;Keiner der Begriffe auf 8 gecrawlten Seiten gefunden.;D;Keiner der Begriffe auf 8 gecrawlten Seiten gefunden.;A;4 Begriffe mit 14 Fundstellen auf 8 Seiten: Innovation (9), Entwicklung (3), Konstruktion (1), engineering (1).
Sodick Deutschland GmbH;https://sodick.de/;D;42;Schlechter Fit;kein Ausschlusskriterium;3 von 12 Kriterien mit A, 6 mit D. Kernprodukt laut Recherche: Erodiermaschinen, Spritzgießmaschinen V-LINE, Fräsmaschinen. Auf der Website 18 Fundstellen zu Kernbegriffen: Spritzgussmaschine (18).;Hoch, recherchiert und Website geprüft, 100 Prozent der Kriterien belegt;40472 Düsseldorf;Deutschland;Erodiermaschinen, Spritzgießmaschinen V-LINE, Fräsmaschinen;24 (Recherche);5 (abgeleitet);Sodick Co., Ltd. (Japan);Startliste, Websuche;Sodick Deutschland zeigt im Düsseldorfer Technologiezentrum Kunststoff-Spritzgießmaschinen und Fräsmaschinen des japanischen Mutterkonzerns (https://sodick.de/about-sodick/sodick-europa-hauptsitz).;https://www.linkedin.com/company/sodick-deutschland-gmbh;A;Kernprodukt laut Recherche: Erodiermaschinen, Spritzgießmaschinen V-LINE, Fräsmaschinen. Auf der Website 18 Fundstellen zu Kernbegriffen: Spritzgussmaschine (18).;B;Sitz 40472 Düsseldorf, Deutschland, Nachbarland im deutschsprachigen Raum, Zielland ist Österreich.;D;24 Mitarbeiter (Recherche, Gesellschaft: https://www.wer-zu-wem.de/firma/sodick.html (Abruf 2026, Angabe: 24 Mitarbeiter in Deutschland)), deutlich unter dem ICP-Band 1.001 bis 10.000.;D;4,8 Mio. EUR (aus 24 Mitarbeitern abgeleitet (0,2 Mio. EUR je Kopf, Maschinenbau)), deutlich unter dem ICP-Band rund 1,6 Mrd. EUR.;A;2 Begriffe mit 12 Fundstellen auf 8 Seiten: Präzision (11), Genauigkeit (1).;A;2 Begriffe mit 20 Fundstellen auf 8 Seiten: Fräsen (19), Schleifen (1).;C;Keiner der Begriffe auf 8 gecrawlten Seiten gefunden. Bauteil- oder Fachvokabular steht selten auf Firmenwebsites, daher kein Abzug bis D.;D;Keiner der Begriffe auf 8 gecrawlten Seiten gefunden.;D;Keiner der Begriffe auf 8 gecrawlten Seiten gefunden.;D;Keiner der Begriffe auf 8 gecrawlten Seiten gefunden.;D;Keiner der Begriffe auf 8 gecrawlten Seiten gefunden.;B;2 Begriffe mit 2 Fundstellen: Entwicklung (1), Innovation (1).
NOVAPAX Maschinenbau GmbH & Co. KG;https://www.novapax.net/;D;41;Schlechter Fit;kein Ausschlusskriterium;1 von 12 Kriterien mit A, 5 mit D. Randbereich der Zielbranche laut Recherche: Spritzblasmaschinen für Kunststoff-Hohlkörper. Auf der Website 20 Fundstellen zu Kernbegriffen: Schließkraft (20).;Hoch, recherchiert und Website geprüft, 100 Prozent der Kriterien belegt;26789 Leer;Deutschland;Spritzblasmaschinen für Kunststoff-Hohlkörper;130 (Recherche);26 (abgeleitet);;wer-zu-wem Firmenprofil;Novapax entwickelt und baut Spritzblasmaschinen für die Herstellung von Kunststoff-Hohlkörpern und entwickelte 1964 die erste vollhydraulische Spritzgießmaschine des Hauses (https://www.novapax.net/).;nicht auf der Website verlinkt;B;Randbereich der Zielbranche laut Recherche: Spritzblasmaschinen für Kunststoff-Hohlkörper. Auf der Website 20 Fundstellen zu Kernbegriffen: Schließkraft (20).;B;Sitz 26789 Leer, Deutschland, Nachbarland im deutschsprachigen Raum, Zielland ist Österreich.;D;130 Mitarbeiter (Recherche, Gesellschaft: https://www.wer-zu-wem.de/firma/novapax-maschinen.html (Abruf 2026, Angabe: 130 Mitarbeiter in Deutschland)), deutlich unter dem ICP-Band 1.001 bis 10.000.;D;26 Mio. EUR (aus 130 Mitarbeitern abgeleitet (0,2 Mio. EUR je Kopf, Maschinenbau)), deutlich unter dem ICP-Band rund 1,6 Mrd. EUR.;B;2 Begriffe mit 2 Fundstellen: Präzision (1), präzise (1).;D;Keiner der Begriffe auf 4 gecrawlten Seiten gefunden.;B;1 Begriffe mit 5 Fundstellen: hybrid (5).;D;Keiner der Begriffe auf 4 gecrawlten Seiten gefunden.;A;4 Begriffe mit 5 Fundstellen auf 4 Seiten: Energieeffizien (2), Energieverbrauch (1), energiesparend (1), energy-saving (1).;D;Keiner der Begriffe auf 4 gecrawlten Seiten gefunden.;B;1 Begriffe mit 2 Fundstellen: Lieferant (2).;B;2 Begriffe mit 2 Fundstellen: Entwicklung (1), Konstruktion (1).
YIZUMI Germany GmbH;https://de.yizumi.com/;D;41;Schlechter Fit;kein Ausschlusskriterium;2 von 12 Kriterien mit A, 5 mit D. Kernprodukt laut Recherche: Spritzgießmaschinen, Gummi- und Silikonmaschinen, Druckguss. Auf der Website 98 Fundstellen zu Kernbegriffen: Spritzgießmaschine (82), Spritzgießen (6), Silikon (4), LSR (4).;Hoch, recherchiert und Website geprüft, 100 Prozent der Kriterien belegt;52477 Alsdorf;Deutschland;Spritzgießmaschinen, Gummi- und Silikonmaschinen, Druckguss;9 (Recherche);2 (abgeleitet);Guangdong Yizumi Precision Machinery Co., Ltd. (China);Startliste, K-Zeitung, Fakuma 2026 Ausstellerliste;Die deutsche Yizumi-Website führt hydraulische, vollelektrische, Mehrkomponenten-, LSR-, PET- und Vertikal-Spritzgießmaschinen als eigenes Programm (https://de.yizumi.com/).;https://www.linkedin.com/company/yizumi-germany-gmbh;A;Kernprodukt laut Recherche: Spritzgießmaschinen, Gummi- und Silikonmaschinen, Druckguss. Auf der Website 98 Fundstellen zu Kernbegriffen: Spritzgießmaschine (82), Spritzgießen (6), Silikon (4), LSR (4).;B;Sitz 52477 Alsdorf, Deutschland, Nachbarland im deutschsprachigen Raum, Zielland ist Österreich.;D;9 Mitarbeiter (Recherche, Gesellschaft: https://www.wer-zu-wem.de/firma/yizumi.html (Abruf 2026, Angabe: 9 Mitarbeiter in Deutschland)), deutlich unter dem ICP-Band 1.001 bis 10.000.;D;1,8 Mio. EUR (aus 9 Mitarbeitern abgeleitet (0,2 Mio. EUR je Kopf, Maschinenbau)), deutlich unter dem ICP-Band rund 1,6 Mrd. EUR.;C;Schwacher Beleg, nur precision (4) auf 4 Seiten.;D;Keiner der Begriffe auf 4 gecrawlten Seiten gefunden.;B;2 Begriffe mit 8 Fundstellen: elektrische Spritzgieß (4), Kniehebel (4).;C;Schwacher Beleg, nur Produktivität (1) auf 4 Seiten.;D;Keiner der Begriffe auf 4 gecrawlten Seiten gefunden.;D;Keiner der Begriffe auf 4 gecrawlten Seiten gefunden.;B;1 Begriffe mit 1 Fundstellen: Lieferant (1).;A;3 Begriffe mit 7 Fundstellen auf 4 Seiten: Innovation (5), F&E (1), Patent (1).
motan operations gmbh;https://www.motan-group.com/de/;D;38;Schlechter Fit;kein Ausschlusskriterium;2 von 12 Kriterien mit A, 4 mit D. Randbereich der Zielbranche laut Recherche: Dosier-, Trocknungs- und Fördergeräte für Spritzgießen.;Hoch, recherchiert und Website geprüft, 100 Prozent der Kriterien belegt;88316 Isny im Allgäu;Deutschland;Dosier-, Trocknungs- und Fördergeräte für Spritzgießen;420 (Recherche);84 (abgeleitet);motan holding gmbh, Konstanz;VDMA Mitgliederliste;Motan entwickelt und fertigt Materialhandling-Systeme, Trocknungs-, Dosier- und Fördergeräte für die Kunststoffverarbeitung einschließlich Spritzgießen (https://www.motan-group.com/de/).;nicht auf der Website verlinkt;B;Randbereich der Zielbranche laut Recherche: Dosier-, Trocknungs- und Fördergeräte für Spritzgießen.;B;Sitz 88316 Isny im Allgäu, Deutschland, Nachbarland im deutschsprachigen Raum, Zielland ist Österreich.;C;420 Mitarbeiter (Recherche, Gesellschaft: https://www.wer-zu-wem.de/firma/motan-operations.html (Abruf 2026, Angabe: 420 Mitarbeiter in Deutschland)), unter dem ICP-Band 1.001 bis 10.000.;D;84 Mio. EUR (aus 420 Mitarbeitern abgeleitet (0,2 Mio. EUR je Kopf, Maschinenbau)), deutlich unter dem ICP-Band rund 1,6 Mrd. EUR.;D;Keiner der Begriffe auf 6 gecrawlten Seiten gefunden.;C;Schwacher Beleg, nur Produktionsstandort (1) auf 6 Seiten.;C;Keiner der Begriffe auf 6 gecrawlten Seiten gefunden. Bauteil- oder Fachvokabular steht selten auf Firmenwebsites, daher kein Abzug bis D.;D;Keiner der Begriffe auf 6 gecrawlten Seiten gefunden.;C;Schwacher Beleg, nur Nachhaltigkeit (2) auf 6 Seiten.;D;Keiner der Begriffe auf 6 gecrawlten Seiten gefunden.;A;3 Begriffe mit 4 Fundstellen auf 6 Seiten: Lieferant (2), Supply Chain (1), Verhaltenskodex (1).;A;2 Begriffe mit 11 Fundstellen auf 6 Seiten: Innovation (8), Entwicklung (3).
Reinhardt-Technik GmbH;https://binks.com/de/;D;38;Schlechter Fit;kein Ausschlusskriterium;2 von 12 Kriterien mit A, 3 mit D. Randbereich der Zielbranche laut Recherche: Dosier- und Mischanlagen, LSR-Dosieranlagen für Spritzgießen. Auf der Website 1 Fundstellen zu Kernbegriffen: LSR (1).;Hoch, recherchiert und Website geprüft, 100 Prozent der Kriterien belegt;58566 Kierspe;Deutschland;Dosier- und Mischanlagen, LSR-Dosieranlagen für Spritzgießen;95 (Recherche);19 (abgeleitet);Carlisle Fluid Technologies (Vereinigtes Königreich);Fakuma 2026 Ausstellerliste, Produktgruppe Spritzgießmaschinen für Gummi und Elastomere;Reinhardt-Technik entwickelt und fertigt Dosier- und Mischanlagen, unter anderem LSR-Dosieranlagen für das Silikon-Spritzgießen (https://www.reinhardt-technik.de).;https://linkedin.com/company/binks-company;B;Randbereich der Zielbranche laut Recherche: Dosier- und Mischanlagen, LSR-Dosieranlagen für Spritzgießen. Auf der Website 1 Fundstellen zu Kernbegriffen: LSR (1).;B;Sitz 58566 Kierspe, Deutschland, Nachbarland im deutschsprachigen Raum, Zielland ist Österreich.;D;95 Mitarbeiter (Recherche, Gesellschaft: https://www.wer-zu-wem.de/firma/reinhardt-technik.html (Abruf 2026, Angabe: 95 Mitarbeiter in Deutschland)), deutlich unter dem ICP-Band 1.001 bis 10.000.;D;19 Mio. EUR (aus 95 Mitarbeitern abgeleitet (0,2 Mio. EUR je Kopf, Maschinenbau)), deutlich unter dem ICP-Band rund 1,6 Mrd. EUR.;C;Schwacher Beleg, nur Präzision (2) auf 9 Seiten.;C;Schwacher Beleg, nur Produktionsstandort (1) auf 9 Seiten.;C;Keiner der Begriffe auf 9 gecrawlten Seiten gefunden. Bauteil- oder Fachvokabular steht selten auf Firmenwebsites, daher kein Abzug bis D.;C;Schwacher Beleg, nur Produktivität (1) auf 9 Seiten.;C;Schwacher Beleg, nur Energieeffizien (2) auf 9 Seiten.;D;Keiner der Begriffe auf 9 gecrawlten Seiten gefunden.;A;1 Begriffe mit 16 Fundstellen auf 9 Seiten: Lieferant (16).;A;3 Begriffe mit 13 Fundstellen auf 9 Seiten: Innovation (8), Entwicklung (3), Konstruktion (2).
REP-Deutschland GmbH;https://www.repinjection.de/;D;37;Schlechter Fit;kein Ausschlusskriterium;2 von 12 Kriterien mit A, 5 mit D. Kernprodukt laut Recherche: Vertikale Gummi-Spritzgießmaschinen, Vertrieb und Service. Auf der Website 41 Fundstellen zu Kernbegriffen: Spritzgießmaschine (36), Spritzgießen (1), injection moulding machine (1), injection moulding (1).;Hoch, recherchiert und Website geprüft, 100 Prozent der Kriterien belegt;69483 Wald-Michelbach;Deutschland;Vertikale Gummi-Spritzgießmaschinen, Vertrieb und Service;19 (Recherche);4 (abgeleitet);REP International (Ficorb, Frankreich);Startliste, wer-zu-wem;REP ist Hersteller vertikaler Gummi-Spritzgießmaschinen, die deutsche Gesellschaft betreut Vertrieb und Service (https://www.repinjection.de/).;https://www.linkedin.com/company/rep-international;A;Kernprodukt laut Recherche: Vertikale Gummi-Spritzgießmaschinen, Vertrieb und Service. Auf der Website 41 Fundstellen zu Kernbegriffen: Spritzgießmaschine (36), Spritzgießen (1), injection moulding machine (1), injection moulding (1).;B;Sitz 69483 Wald-Michelbach, Deutschland, Nachbarland im deutschsprachigen Raum, Zielland ist Österreich.;D;19 Mitarbeiter (Recherche, Gesellschaft: https://www.wer-zu-wem.de/firma/rep-deutschland.html (Abruf 2026, Angabe: 19 Mitarbeiter in Deutschland)), deutlich unter dem ICP-Band 1.001 bis 10.000.;D;3,8 Mio. EUR (aus 19 Mitarbeitern abgeleitet (0,2 Mio. EUR je Kopf, Maschinenbau)), deutlich unter dem ICP-Band rund 1,6 Mrd. EUR.;C;Schwacher Beleg, nur präzise (1) auf 8 Seiten.;D;Keiner der Begriffe auf 8 gecrawlten Seiten gefunden.;C;Keiner der Begriffe auf 8 gecrawlten Seiten gefunden. Bauteil- oder Fachvokabular steht selten auf Firmenwebsites, daher kein Abzug bis D.;D;Keiner der Begriffe auf 8 gecrawlten Seiten gefunden.;A;2 Begriffe mit 26 Fundstellen auf 8 Seiten: Nachhaltigkeit (18), Energieeffizien (8).;D;Keiner der Begriffe auf 8 gecrawlten Seiten gefunden.;B;1 Begriffe mit 1 Fundstellen: Einkauf (1).;C;Schwacher Beleg, nur Entwicklung (2) auf 8 Seiten.
Boyke Technology GmbH;https://www.boyke-tec.de/;D;34;Schlechter Fit;kein Ausschlusskriterium;2 von 12 Kriterien mit A, 6 mit D. Kernprodukt laut Recherche: Spritzpressen, Transferpressen und Duroplastpressen, Extrusionsanlagen. Auf der Website 2 Fundstellen zu Kernbegriffen: Spritzgießmaschine (2).;Hoch, recherchiert und Website geprüft, 100 Prozent der Kriterien belegt;51789 Lindlar;Deutschland;Spritzpressen, Transferpressen und Duroplastpressen, Extrusionsanlagen;80 (Recherche);16 (abgeleitet);;Fakuma 2026 Ausstellerliste, Produktgruppe Spritzgießmaschinen (Duroplast-Spritzgießmaschinen);Boyke Press Systems bietet laut Website Spritz- bzw. Transfer-Molding-Pressen z. B. für die Fixierung von Magneten in Rotoren sowie Pressautomaten mit Schließkräften von 5 t bis 1000 t, entwickelt und gefertigt von Boyke selbst (https://www.boyke-tec.de/boyke-press-systems), plasticker bestätigt Produktion von Transfermoulding-, Duroplast- und Reihenpressen in Lindlar.;https://de.linkedin.com/company/boyke-tec;A;Kernprodukt laut Recherche: Spritzpressen, Transferpressen und Duroplastpressen, Extrusionsanlagen. Auf der Website 2 Fundstellen zu Kernbegriffen: Spritzgießmaschine (2).;B;Sitz 51789 Lindlar, Deutschland, Nachbarland im deutschsprachigen Raum, Zielland ist Österreich.;D;80 Mitarbeiter (Recherche, Gruppe: https://www.boyke-tec.de/ (2026)), deutlich unter dem ICP-Band 1.001 bis 10.000.;D;16 Mio. EUR (aus 80 Mitarbeitern abgeleitet (0,2 Mio. EUR je Kopf, Maschinenbau)), deutlich unter dem ICP-Band rund 1,6 Mrd. EUR.;C;Schwacher Beleg, nur präzise (2) auf 8 Seiten.;C;Schwacher Beleg, nur Fertigungskapazität (1) auf 8 Seiten.;C;Keiner der Begriffe auf 8 gecrawlten Seiten gefunden. Bauteil- oder Fachvokabular steht selten auf Firmenwebsites, daher kein Abzug bis D.;D;Keiner der Begriffe auf 8 gecrawlten Seiten gefunden.;D;Keiner der Begriffe auf 8 gecrawlten Seiten gefunden.;D;Keiner der Begriffe auf 8 gecrawlten Seiten gefunden.;D;Keiner der Begriffe auf 8 gecrawlten Seiten gefunden.;A;4 Begriffe mit 12 Fundstellen auf 8 Seiten: Innovation (7), Entwicklung (3), Technikum (1), engineering (1).
HASCO Hasenclever GmbH + Co KG;https://www.hasco.com/;D;24;Schlechter Fit;kein Ausschlusskriterium;0 von 12 Kriterien mit A, 8 mit D. Randbereich der Zielbranche laut Recherche: Normalien, Heißkanalsysteme, Temperiergeräte für Werkzeugbau und Formenbau.;Hoch, recherchiert und Website geprüft, 100 Prozent der Kriterien belegt;58513 Lüdenscheid;Deutschland;Normalien, Heißkanalsysteme, Temperiergeräte für Werkzeugbau und Formenbau;700 (Recherche);110 (Recherche);Berndorf AG (Österreich), Mehrheitseigentümerin seit 2007;Startliste;"Wikipedia: Die HASCO Hasenclever GmbH + Co KG ist ein Unternehmen, welches modular aufgebaute Normalien und Zubehörteile für den Werkzeug- und Formenbau sowie für die kunststoffverarbeitende Industrie mit Sitz in Lüdenscheid herstellt und anbietet (https://de.wikipedia.org/wiki/Hasco_Hasenclever; die Website www.hasco.com ist eine JavaScript-Anwendung ohne maschinenlesbaren Text, Adresse Römerweg 4 laut northdata.de)";nicht auf der Website verlinkt;B;Randbereich der Zielbranche laut Recherche: Normalien, Heißkanalsysteme, Temperiergeräte für Werkzeugbau und Formenbau.;B;Sitz 58513 Lüdenscheid, Deutschland, Nachbarland im deutschsprachigen Raum, Zielland ist Österreich.;C;700 Mitarbeiter (Recherche, Gruppe: https://de.wikipedia.org/wiki/Hasco_Hasenclever (Infobox, ohne Stand-Jahr, abgerufen 2026-08-31)), unter dem ICP-Band 1.001 bis 10.000.;D;110 Mio. EUR (Recherche: https://de.wikipedia.org/wiki/Hasco_Hasenclever (Infobox 110 Mio. Euro, ohne Stand-Jahr, abgerufen 2026-08-31)), deutlich unter dem ICP-Band rund 1,6 Mrd. EUR.;D;Keiner der Begriffe auf 6 gecrawlten Seiten gefunden.;D;Keiner der Begriffe auf 6 gecrawlten Seiten gefunden.;C;Keiner der Begriffe auf 6 gecrawlten Seiten gefunden. Bauteil- oder Fachvokabular steht selten auf Firmenwebsites, daher kein Abzug bis D.;D;Keiner der Begriffe auf 6 gecrawlten Seiten gefunden.;D;Keiner der Begriffe auf 6 gecrawlten Seiten gefunden.;D;Keiner der Begriffe auf 6 gecrawlten Seiten gefunden.;D;Keiner der Begriffe auf 6 gecrawlten Seiten gefunden.;D;Keiner der Begriffe auf 6 gecrawlten Seiten gefunden.
